SampleID,Label,Sample_type,Filename,Bam_file,Preprocessed,Cov,mHapSuite
CONTROLCF1,Control,cfDNA,CONTROLCF1,/mnt/archiving/DATA_HIEUNHO/GW-bismark_cfDNA-highdepth_pair-end/04_bismark_deduplicated_sorted/CONTROLCF1.deduplicated.sorted.bam,/mnt/archiving/DATA_HIEUNHO/preprocessing_pipeline_for_kmer_at_CpG_sites/cfDNA_highdepth/02_truncated_reads_at_CpG_sites_modify/CONTROLCF1.deduplicated.sorted.bam.filtered.bam.sam,/mnt/archiving/DATA_HIEUNHO/GW-bismark_cfDNA-highdepth_pair-end/06_methylation_extract/CONTROLCF1.deduplicated.bedGraph.gz.bismark.zero.cov,/mnt/archiving/DATA_HIEUNHO/methyl_haplotype_from_TM_pipeline_with_multi_bed/135_cfDNA_highdepth/CONTROLCF1.mHapMetrics.txt
CONTROLCF2,Control,cfDNA,34-CONTROLCF2ME131W_M524-M724,/mnt/archiving/DATA_HIEUNHO/GW-bismark_cfDNA-highdepth_pair-end/04_bismark_deduplicated_sorted/34-CONTROLCF2ME131W_M524-M724.deduplicated.sorted.bam,/mnt/archiving/DATA_HIEUNHO/preprocessing_pipeline_for_kmer_at_CpG_sites/cfDNA_highdepth/02_truncated_reads_at_CpG_sites_modify/34-CONTROLCF2ME131W_M524-M724.deduplicated.sorted.bam.filtered.bam.sam,/mnt/archiving/DATA_HIEUNHO/GW-bismark_cfDNA-highdepth_pair-end/06_methylation_extract/34-CONTROLCF2ME131W_M524-M724.deduplicated.bedGraph.gz.bismark.zero.cov,/mnt/archiving/DATA_HIEUNHO/methyl_haplotype_from_TM_pipeline_with_multi_bed/135_cfDNA_highdepth/CONTROLCF2.mHapMetrics.txt
CONTROLCF3,Control,cfDNA,1-CONTROLCF3ME131W_M504-M704,/mnt/archiving/DATA_HIEUNHO/GW-bismark_cfDNA-highdepth_pair-end/04_bismark_deduplicated_sorted/1-CONTROLCF3ME131W_M504-M704.deduplicated.sorted.bam,/mnt/archiving/DATA_HIEUNHO/preprocessing_pipeline_for_kmer_at_CpG_sites/cfDNA_highdepth/02_truncated_reads_at_CpG_sites_modify/1-CONTROLCF3ME131W_M504-M704.deduplicated.sorted.bam.filtered.bam.sam,/mnt/archiving/DATA_HIEUNHO/GW-bismark_cfDNA-highdepth_pair-end/06_methylation_extract/1-CONTROLCF3ME131W_M504-M704.deduplicated.bedGraph.gz.bismark.zero.cov,/mnt/archiving/DATA_HIEUNHO/methyl_haplotype_from_TM_pipeline_with_multi_bed/135_cfDNA_highdepth/CONTROLCF3.mHapMetrics.txt
K1007SR1,Control,cfDNA,17-K1007SR1ME131W_M565-M765,/mnt/archiving/DATA_HIEUNHO/GW-bismark_cfDNA-highdepth_pair-end/04_bismark_deduplicated_sorted/17-K1007SR1ME131W_M565-M765.deduplicated.sorted.bam,/mnt/archiving/DATA_HIEUNHO/preprocessing_pipeline_for_kmer_at_CpG_sites/cfDNA_highdepth/02_truncated_reads_at_CpG_sites_modify/17-K1007SR1ME131W_M565-M765.deduplicated.sorted.bam.filtered.bam.sam,/mnt/archiving/DATA_HIEUNHO/GW-bismark_cfDNA-highdepth_pair-end/06_methylation_extract/17-K1007SR1ME131W_M565-M765.deduplicated.bedGraph.gz.bismark.zero.cov,/mnt/archiving/DATA_HIEUNHO/methyl_haplotype_from_TM_pipeline_with_multi_bed/135_cfDNA_highdepth/K1007SR1.mHapMetrics.txt
K1364R1,Control,cfDNA,1-K1364R1ME131W_M532-M732,/mnt/archiving/DATA_HIEUNHO/GW-bismark_cfDNA-highdepth_pair-end/04_bismark_deduplicated_sorted/1-K1364R1ME131W_M532-M732.deduplicated.sorted.bam,/mnt/archiving/DATA_HIEUNHO/preprocessing_pipeline_for_kmer_at_CpG_sites/cfDNA_highdepth/02_truncated_reads_at_CpG_sites_modify/1-K1364R1ME131W_M532-M732.deduplicated.sorted.bam.filtered.bam.sam,/mnt/archiving/DATA_HIEUNHO/GW-bismark_cfDNA-highdepth_pair-end/06_methylation_extract/1-K1364R1ME131W_M532-M732.deduplicated.bedGraph.gz.bismark.zero.cov,/mnt/archiving/DATA_HIEUNHO/methyl_haplotype_from_TM_pipeline_with_multi_bed/135_cfDNA_highdepth/K1364R1.mHapMetrics.txt
K2003R1,Control,cfDNA,1-K2003R1ME131W_M515-M715,/mnt/archiving/DATA_HIEUNHO/GW-bismark_cfDNA-highdepth_pair-end/04_bismark_deduplicated_sorted/1-K2003R1ME131W_M515-M715.deduplicated.sorted.bam,/mnt/archiving/DATA_HIEUNHO/preprocessing_pipeline_for_kmer_at_CpG_sites/cfDNA_highdepth/02_truncated_reads_at_CpG_sites_modify/1-K2003R1ME131W_M515-M715.deduplicated.sorted.bam.filtered.bam.sam,/mnt/archiving/DATA_HIEUNHO/GW-bismark_cfDNA-highdepth_pair-end/06_methylation_extract/1-K2003R1ME131W_M515-M715.deduplicated.bedGraph.gz.bismark.zero.cov,/mnt/archiving/DATA_HIEUNHO/methyl_haplotype_from_TM_pipeline_with_multi_bed/135_cfDNA_highdepth/K2003R1.mHapMetrics.txt
K2010R1,Control,cfDNA,1-K2010R1ME131W_M516-M716,/mnt/archiving/DATA_HIEUNHO/GW-bismark_cfDNA-highdepth_pair-end/04_bismark_deduplicated_sorted/1-K2010R1ME131W_M516-M716.deduplicated.sorted.bam,/mnt/archiving/DATA_HIEUNHO/preprocessing_pipeline_for_kmer_at_CpG_sites/cfDNA_highdepth/02_truncated_reads_at_CpG_sites_modify/1-K2010R1ME131W_M516-M716.deduplicated.sorted.bam.filtered.bam.sam,/mnt/archiving/DATA_HIEUNHO/GW-bismark_cfDNA-highdepth_pair-end/06_methylation_extract/1-K2010R1ME131W_M516-M716.deduplicated.bedGraph.gz.bismark.zero.cov,/mnt/archiving/DATA_HIEUNHO/methyl_haplotype_from_TM_pipeline_with_multi_bed/135_cfDNA_highdepth/K2010R1.mHapMetrics.txt
L12008R1,Lung,cfDNA,1-L12008R1ME131W_M505-M705,/mnt/archiving/DATA_HIEUNHO/GW-bismark_cfDNA-highdepth_pair-end/04_bismark_deduplicated_sorted/1-L12008R1ME131W_M505-M705.deduplicated.sorted.bam,/mnt/archiving/DATA_HIEUNHO/preprocessing_pipeline_for_kmer_at_CpG_sites/cfDNA_highdepth/02_truncated_reads_at_CpG_sites_modify/1-L12008R1ME131W_M505-M705.deduplicated.sorted.bam.filtered.bam.sam,/mnt/archiving/DATA_HIEUNHO/GW-bismark_cfDNA-highdepth_pair-end/06_methylation_extract/1-L12008R1ME131W_M505-M705.deduplicated.bedGraph.gz.bismark.zero.cov,/mnt/archiving/DATA_HIEUNHO/methyl_haplotype_from_TM_pipeline_with_multi_bed/135_cfDNA_highdepth/L12008R1.mHapMetrics.txt
L12143R1,Lung,cfDNA,1-L12143R1ME131W_M501-M701,/mnt/archiving/DATA_HIEUNHO/GW-bismark_cfDNA-highdepth_pair-end/04_bismark_deduplicated_sorted/1-L12143R1ME131W_M501-M701.deduplicated.sorted.bam,/mnt/archiving/DATA_HIEUNHO/preprocessing_pipeline_for_kmer_at_CpG_sites/cfDNA_highdepth/02_truncated_reads_at_CpG_sites_modify/1-L12143R1ME131W_M501-M701.deduplicated.sorted.bam.filtered.bam.sam,/mnt/archiving/DATA_HIEUNHO/GW-bismark_cfDNA-highdepth_pair-end/06_methylation_extract/1-L12143R1ME131W_M501-M701.deduplicated.bedGraph.gz.bismark.zero.cov,/mnt/archiving/DATA_HIEUNHO/methyl_haplotype_from_TM_pipeline_with_multi_bed/135_cfDNA_highdepth/L12143R1.mHapMetrics.txt
L12282R1,CRC,cfDNA,1-L12282R1ME131W_M543-M743,/mnt/archiving/DATA_HIEUNHO/GW-bismark_cfDNA-highdepth_pair-end/04_bismark_deduplicated_sorted/1-L12282R1ME131W_M543-M743.deduplicated.sorted.bam,/mnt/archiving/DATA_HIEUNHO/preprocessing_pipeline_for_kmer_at_CpG_sites/cfDNA_highdepth/02_truncated_reads_at_CpG_sites_modify/1-L12282R1ME131W_M543-M743.deduplicated.sorted.bam.filtered.bam.sam,/mnt/archiving/DATA_HIEUNHO/GW-bismark_cfDNA-highdepth_pair-end/06_methylation_extract/1-L12282R1ME131W_M543-M743.deduplicated.bedGraph.gz.bismark.zero.cov,/mnt/archiving/DATA_HIEUNHO/methyl_haplotype_from_TM_pipeline_with_multi_bed/135_cfDNA_highdepth/L12282R1.mHapMetrics.txt
L12309R2,Lung,cfDNA,1-L12309R2ME131W_M502-M702,/mnt/archiving/DATA_HIEUNHO/GW-bismark_cfDNA-highdepth_pair-end/04_bismark_deduplicated_sorted/1-L12309R2ME131W_M502-M702.deduplicated.sorted.bam,/mnt/archiving/DATA_HIEUNHO/preprocessing_pipeline_for_kmer_at_CpG_sites/cfDNA_highdepth/02_truncated_reads_at_CpG_sites_modify/1-L12309R2ME131W_M502-M702.deduplicated.sorted.bam.filtered.bam.sam,/mnt/archiving/DATA_HIEUNHO/GW-bismark_cfDNA-highdepth_pair-end/06_methylation_extract/1-L12309R2ME131W_M502-M702.deduplicated.bedGraph.gz.bismark.zero.cov,/mnt/archiving/DATA_HIEUNHO/methyl_haplotype_from_TM_pipeline_with_multi_bed/135_cfDNA_highdepth/L12309R2.mHapMetrics.txt
L12843R1,CRC,cfDNA,1-L12843R1ME131W_M545-M745,/mnt/archiving/DATA_HIEUNHO/GW-bismark_cfDNA-highdepth_pair-end/04_bismark_deduplicated_sorted/1-L12843R1ME131W_M545-M745.deduplicated.sorted.bam,/mnt/archiving/DATA_HIEUNHO/preprocessing_pipeline_for_kmer_at_CpG_sites/cfDNA_highdepth/02_truncated_reads_at_CpG_sites_modify/1-L12843R1ME131W_M545-M745.deduplicated.sorted.bam.filtered.bam.sam,/mnt/archiving/DATA_HIEUNHO/GW-bismark_cfDNA-highdepth_pair-end/06_methylation_extract/1-L12843R1ME131W_M545-M745.deduplicated.bedGraph.gz.bismark.zero.cov,/mnt/archiving/DATA_HIEUNHO/methyl_haplotype_from_TM_pipeline_with_multi_bed/135_cfDNA_highdepth/L12843R1.mHapMetrics.txt
L13163,CRC,cfDNA,L13163_M546-M746,/mnt/archiving/DATA_HIEUNHO/GW-bismark_cfDNA-highdepth_pair-end/04_bismark_deduplicated_sorted/L13163_M546-M746.deduplicated.sorted.bam,/mnt/archiving/DATA_HIEUNHO/preprocessing_pipeline_for_kmer_at_CpG_sites/cfDNA_highdepth/02_truncated_reads_at_CpG_sites_modify/L13163_M546-M746.deduplicated.sorted.bam.filtered.bam.sam,/mnt/archiving/DATA_HIEUNHO/GW-bismark_cfDNA-highdepth_pair-end/06_methylation_extract/L13163_M546-M746.deduplicated.bedGraph.gz.bismark.zero.cov,/mnt/archiving/DATA_HIEUNHO/methyl_haplotype_from_TM_pipeline_with_multi_bed/135_cfDNA_highdepth/L13163.mHapMetrics.txt
LAAC66R1,CRC,cfDNA,1-LAAC66R1ME131W_M544-M744,/mnt/archiving/DATA_HIEUNHO/GW-bismark_cfDNA-highdepth_pair-end/04_bismark_deduplicated_sorted/1-LAAC66R1ME131W_M544-M744.deduplicated.sorted.bam,/mnt/archiving/DATA_HIEUNHO/preprocessing_pipeline_for_kmer_at_CpG_sites/cfDNA_highdepth/02_truncated_reads_at_CpG_sites_modify/1-LAAC66R1ME131W_M544-M744.deduplicated.sorted.bam.filtered.bam.sam,/mnt/archiving/DATA_HIEUNHO/GW-bismark_cfDNA-highdepth_pair-end/06_methylation_extract/1-LAAC66R1ME131W_M544-M744.deduplicated.bedGraph.gz.bismark.zero.cov,/mnt/archiving/DATA_HIEUNHO/methyl_haplotype_from_TM_pipeline_with_multi_bed/135_cfDNA_highdepth/LAAC66R1.mHapMetrics.txt
LBG15R1,Gastric,cfDNA,1-LBG15R1ME134W_M568-M768,/mnt/archiving/DATA_HIEUNHO/GW-bismark_cfDNA-highdepth_pair-end/04_bismark_deduplicated_sorted/1-LBG15R1ME134W_M568-M768.deduplicated.sorted.bam,/mnt/archiving/DATA_HIEUNHO/preprocessing_pipeline_for_kmer_at_CpG_sites/cfDNA_highdepth/02_truncated_reads_at_CpG_sites_modify/1-LBG15R1ME134W_M568-M768.deduplicated.sorted.bam.filtered.bam.sam,/mnt/archiving/DATA_HIEUNHO/GW-bismark_cfDNA-highdepth_pair-end/06_methylation_extract/1-LBG15R1ME134W_M568-M768.deduplicated.bedGraph.gz.bismark.zero.cov,/mnt/archiving/DATA_HIEUNHO/methyl_haplotype_from_TM_pipeline_with_multi_bed/135_cfDNA_highdepth/LBG15R1.mHapMetrics.txt
LBG16,Gastric,cfDNA,1-LBG16ME136W_M530-M730,/mnt/archiving/DATA_HIEUNHO/GW-bismark_cfDNA-highdepth_pair-end/04_bismark_deduplicated_sorted/1-LBG16ME136W_M530-M730.deduplicated.sorted.bam,/mnt/archiving/DATA_HIEUNHO/preprocessing_pipeline_for_kmer_at_CpG_sites/cfDNA_highdepth/02_truncated_reads_at_CpG_sites_modify/1-LBG16ME136W_M530-M730.deduplicated.sorted.bam.filtered.bam.sam,/mnt/archiving/DATA_HIEUNHO/GW-bismark_cfDNA-highdepth_pair-end/06_methylation_extract/1-LBG16ME136W_M530-M730.deduplicated.bedGraph.gz.bismark.zero.cov,/mnt/archiving/DATA_HIEUNHO/methyl_haplotype_from_TM_pipeline_with_multi_bed/135_cfDNA_highdepth/LBG16.mHapMetrics.txt
LBG19R1,Gastric,cfDNA,1-LBG19R1ME136W_M531-M731,/mnt/archiving/DATA_HIEUNHO/GW-bismark_cfDNA-highdepth_pair-end/04_bismark_deduplicated_sorted/1-LBG19R1ME136W_M531-M731.deduplicated.sorted.bam,/mnt/archiving/DATA_HIEUNHO/preprocessing_pipeline_for_kmer_at_CpG_sites/cfDNA_highdepth/02_truncated_reads_at_CpG_sites_modify/1-LBG19R1ME136W_M531-M731.deduplicated.sorted.bam.filtered.bam.sam,/mnt/archiving/DATA_HIEUNHO/GW-bismark_cfDNA-highdepth_pair-end/06_methylation_extract/1-LBG19R1ME136W_M531-M731.deduplicated.bedGraph.gz.bismark.zero.cov,/mnt/archiving/DATA_HIEUNHO/methyl_haplotype_from_TM_pipeline_with_multi_bed/135_cfDNA_highdepth/LBG19R1.mHapMetrics.txt
ZMC061R3,CRC,cfDNA,4-ZMC061ME131W_M507-M707,/mnt/archiving/DATA_HIEUNHO/GW-bismark_cfDNA-highdepth_pair-end/04_bismark_deduplicated_sorted/4-ZMC061ME131W_M507-M707.deduplicated.sorted.bam,/mnt/archiving/DATA_HIEUNHO/preprocessing_pipeline_for_kmer_at_CpG_sites/cfDNA_highdepth/02_truncated_reads_at_CpG_sites_modify/4-ZMC061ME131W_M507-M707.deduplicated.sorted.bam.filtered.bam.sam,/mnt/archiving/DATA_HIEUNHO/GW-bismark_cfDNA-highdepth_pair-end/06_methylation_extract/4-ZMC061ME131W_M507-M707.deduplicated.bedGraph.gz.bismark.zero.cov,/mnt/archiving/DATA_HIEUNHO/methyl_haplotype_from_TM_pipeline_with_multi_bed/135_cfDNA_highdepth/ZMC061R3.mHapMetrics.txt
ZMC061SR1,CRC,Tissue,9-ZMC061SR1ME131W_M557-M757,/mnt/archiving/DATA_HIEUNHO/GW-bismark_cfDNA-highdepth_pair-end/04_bismark_deduplicated_sorted/9-ZMC061SR1ME131W_M557-M757.deduplicated.sorted.bam,/mnt/archiving/DATA_HIEUNHO/preprocessing_pipeline_for_kmer_at_CpG_sites/cfDNA_highdepth/02_truncated_reads_at_CpG_sites_modify/9-ZMC061SR1ME131W_M557-M757.deduplicated.sorted.bam.filtered.bam.sam,/mnt/archiving/DATA_HIEUNHO/GW-bismark_cfDNA-highdepth_pair-end/06_methylation_extract/9-ZMC061SR1ME131W_M557-M757.deduplicated.bedGraph.gz.bismark.zero.cov,/mnt/archiving/DATA_HIEUNHO/methyl_haplotype_from_TM_pipeline_with_multi_bed/135_cfDNA_highdepth/ZMC061SR1.mHapMetrics.txt
ZMC063R3W,CRC,cfDNA,4-ZMC063R3W_M579-M779,/mnt/archiving/DATA_HIEUNHO/GW-bismark_cfDNA-highdepth_pair-end/04_bismark_deduplicated_sorted/4-ZMC063R3W_M579-M779.deduplicated.sorted.bam,/mnt/archiving/DATA_HIEUNHO/preprocessing_pipeline_for_kmer_at_CpG_sites/cfDNA_highdepth/02_truncated_reads_at_CpG_sites_modify/4-ZMC063R3W_M579-M779.deduplicated.sorted.bam.filtered.bam.sam,/mnt/archiving/DATA_HIEUNHO/GW-bismark_cfDNA-highdepth_pair-end/06_methylation_extract/4-ZMC063R3W_M579-M779.deduplicated.bedGraph.gz.bismark.zero.cov,/mnt/archiving/DATA_HIEUNHO/methyl_haplotype_from_TM_pipeline_with_multi_bed/135_cfDNA_highdepth/ZMC063R3W.mHapMetrics.txt
ZMC063SR1,CRC,Tissue,10-ZMC063SR1ME131W_M558-M758,/mnt/archiving/DATA_HIEUNHO/GW-bismark_cfDNA-highdepth_pair-end/04_bismark_deduplicated_sorted/10-ZMC063SR1ME131W_M558-M758.deduplicated.sorted.bam,/mnt/archiving/DATA_HIEUNHO/preprocessing_pipeline_for_kmer_at_CpG_sites/cfDNA_highdepth/02_truncated_reads_at_CpG_sites_modify/10-ZMC063SR1ME131W_M558-M758.deduplicated.sorted.bam.filtered.bam.sam,/mnt/archiving/DATA_HIEUNHO/GW-bismark_cfDNA-highdepth_pair-end/06_methylation_extract/10-ZMC063SR1ME131W_M558-M758.deduplicated.bedGraph.gz.bismark.zero.cov,/mnt/archiving/DATA_HIEUNHO/methyl_haplotype_from_TM_pipeline_with_multi_bed/135_cfDNA_highdepth/ZMC063SR1.mHapMetrics.txt
ZMC064,CRC,cfDNA,35-ZMC064ME131W_S8549-S8749,/mnt/archiving/DATA_HIEUNHO/GW-bismark_cfDNA-highdepth_pair-end/04_bismark_deduplicated_sorted/35-ZMC064ME131W_S8549-S8749.deduplicated.sorted.bam,/mnt/archiving/DATA_HIEUNHO/preprocessing_pipeline_for_kmer_at_CpG_sites/cfDNA_highdepth/02_truncated_reads_at_CpG_sites_modify/35-ZMC064ME131W_S8549-S8749.deduplicated.sorted.bam.filtered.bam.sam,/mnt/archiving/DATA_HIEUNHO/GW-bismark_cfDNA-highdepth_pair-end/06_methylation_extract/35-ZMC064ME131W_S8549-S8749.deduplicated.bedGraph.gz.bismark.zero.cov,/mnt/archiving/DATA_HIEUNHO/methyl_haplotype_from_TM_pipeline_with_multi_bed/135_cfDNA_highdepth/ZMC064.mHapMetrics.txt
ZMC068SR1,CRC,Tissue,1-ZMC068SME131W_M501-M701,/mnt/archiving/DATA_HIEUNHO/GW-bismark_cfDNA-highdepth_pair-end/04_bismark_deduplicated_sorted/1-ZMC068SME131W_M501-M701.deduplicated.sorted.bam,/mnt/archiving/DATA_HIEUNHO/preprocessing_pipeline_for_kmer_at_CpG_sites/cfDNA_highdepth/02_truncated_reads_at_CpG_sites_modify/1-ZMC068SME131W_M501-M701.deduplicated.sorted.bam.filtered.bam.sam,/mnt/archiving/DATA_HIEUNHO/GW-bismark_cfDNA-highdepth_pair-end/06_methylation_extract/1-ZMC068SME131W_M501-M701.deduplicated.bedGraph.gz.bismark.zero.cov,/mnt/archiving/DATA_HIEUNHO/methyl_haplotype_from_TM_pipeline_with_multi_bed/135_cfDNA_highdepth/ZMC068SR1.mHapMetrics.txt
ZMG051R2,Gastric,cfDNA,34-ZMG051R2ME131W_S7530-S7730,/mnt/archiving/DATA_HIEUNHO/GW-bismark_cfDNA-highdepth_pair-end/04_bismark_deduplicated_sorted/34-ZMG051R2ME131W_S7530-S7730.deduplicated.sorted.bam,/mnt/archiving/DATA_HIEUNHO/preprocessing_pipeline_for_kmer_at_CpG_sites/cfDNA_highdepth/02_truncated_reads_at_CpG_sites_modify/34-ZMG051R2ME131W_S7530-S7730.deduplicated.sorted.bam.filtered.bam.sam,/mnt/archiving/DATA_HIEUNHO/GW-bismark_cfDNA-highdepth_pair-end/06_methylation_extract/34-ZMG051R2ME131W_S7530-S7730.deduplicated.bedGraph.gz.bismark.zero.cov,/mnt/archiving/DATA_HIEUNHO/methyl_haplotype_from_TM_pipeline_with_multi_bed/135_cfDNA_highdepth/ZMG051R2.mHapMetrics.txt
ZMG052R3W,Gastric,cfDNA,1-ZMG052R3W_M580-M780,/mnt/archiving/DATA_HIEUNHO/GW-bismark_cfDNA-highdepth_pair-end/04_bismark_deduplicated_sorted/1-ZMG052R3W_M580-M780.deduplicated.sorted.bam,/mnt/archiving/DATA_HIEUNHO/preprocessing_pipeline_for_kmer_at_CpG_sites/cfDNA_highdepth/02_truncated_reads_at_CpG_sites_modify/1-ZMG052R3W_M580-M780.deduplicated.sorted.bam.filtered.bam.sam,/mnt/archiving/DATA_HIEUNHO/GW-bismark_cfDNA-highdepth_pair-end/06_methylation_extract/1-ZMG052R3W_M580-M780.deduplicated.bedGraph.gz.bismark.zero.cov,/mnt/archiving/DATA_HIEUNHO/methyl_haplotype_from_TM_pipeline_with_multi_bed/135_cfDNA_highdepth/ZMG052R3W.mHapMetrics.txt
ZMG052SR1,Gastric,Tissue,11-ZMG052SR1ME131W_M559-M759,/mnt/archiving/DATA_HIEUNHO/GW-bismark_cfDNA-highdepth_pair-end/04_bismark_deduplicated_sorted/11-ZMG052SR1ME131W_M559-M759.deduplicated.sorted.bam,/mnt/archiving/DATA_HIEUNHO/preprocessing_pipeline_for_kmer_at_CpG_sites/cfDNA_highdepth/02_truncated_reads_at_CpG_sites_modify/11-ZMG052SR1ME131W_M559-M759.deduplicated.sorted.bam.filtered.bam.sam,/mnt/archiving/DATA_HIEUNHO/GW-bismark_cfDNA-highdepth_pair-end/06_methylation_extract/11-ZMG052SR1ME131W_M559-M759.deduplicated.bedGraph.gz.bismark.zero.cov,/mnt/archiving/DATA_HIEUNHO/methyl_haplotype_from_TM_pipeline_with_multi_bed/135_cfDNA_highdepth/ZMG052SR1.mHapMetrics.txt
ZMG063S,Gastric,Tissue,ZMG063S,/mnt/archiving/DATA_HIEUNHO/GW-bismark_cfDNA-highdepth_pair-end/04_bismark_deduplicated_sorted/ZMG063S.deduplicated.sorted.bam,/mnt/archiving/DATA_HIEUNHO/preprocessing_pipeline_for_kmer_at_CpG_sites/cfDNA_highdepth/02_truncated_reads_at_CpG_sites_modify/ZMG063S.deduplicated.sorted.bam.filtered.bam.sam,/mnt/archiving/DATA_HIEUNHO/GW-bismark_cfDNA-highdepth_pair-end/06_methylation_extract/ZMG063S.deduplicated.bedGraph.gz.bismark.zero.cov,/mnt/archiving/DATA_HIEUNHO/methyl_haplotype_from_TM_pipeline_with_multi_bed/135_cfDNA_highdepth/ZMG063S.mHapMetrics.txt
ZMG066S,Gastric,Tissue,12-ZMG066SME131W_M560-M760,/mnt/archiving/DATA_HIEUNHO/GW-bismark_cfDNA-highdepth_pair-end/04_bismark_deduplicated_sorted/12-ZMG066SME131W_M560-M760.deduplicated.sorted.bam,/mnt/archiving/DATA_HIEUNHO/preprocessing_pipeline_for_kmer_at_CpG_sites/cfDNA_highdepth/02_truncated_reads_at_CpG_sites_modify/12-ZMG066SME131W_M560-M760.deduplicated.sorted.bam.filtered.bam.sam,/mnt/archiving/DATA_HIEUNHO/GW-bismark_cfDNA-highdepth_pair-end/06_methylation_extract/12-ZMG066SME131W_M560-M760.deduplicated.bedGraph.gz.bismark.zero.cov,/mnt/archiving/DATA_HIEUNHO/methyl_haplotype_from_TM_pipeline_with_multi_bed/135_cfDNA_highdepth/ZMG066S.mHapMetrics.txt
ZMG069R2,Gastric,cfDNA,5-ZMC069ME131W_M508-M708,/mnt/archiving/DATA_HIEUNHO/GW-bismark_cfDNA-highdepth_pair-end/04_bismark_deduplicated_sorted/5-ZMC069ME131W_M508-M708.deduplicated.sorted.bam,/mnt/archiving/DATA_HIEUNHO/preprocessing_pipeline_for_kmer_at_CpG_sites/cfDNA_highdepth/02_truncated_reads_at_CpG_sites_modify/5-ZMC069ME131W_M508-M708.deduplicated.sorted.bam.filtered.bam.sam,/mnt/archiving/DATA_HIEUNHO/GW-bismark_cfDNA-highdepth_pair-end/06_methylation_extract/5-ZMC069ME131W_M508-M708.deduplicated.bedGraph.gz.bismark.zero.cov,/mnt/archiving/DATA_HIEUNHO/methyl_haplotype_from_TM_pipeline_with_multi_bed/135_cfDNA_highdepth/ZMG069R2.mHapMetrics.txt
ZMG069SR1,Gastric,Tissue,1-ZMG069SR1ME131W_M504-M704,/mnt/archiving/DATA_HIEUNHO/GW-bismark_cfDNA-highdepth_pair-end/04_bismark_deduplicated_sorted/1-ZMG069SR1ME131W_M504-M704.deduplicated.sorted.bam,/mnt/archiving/DATA_HIEUNHO/preprocessing_pipeline_for_kmer_at_CpG_sites/cfDNA_highdepth/02_truncated_reads_at_CpG_sites_modify/1-ZMG069SR1ME131W_M504-M704.deduplicated.sorted.bam.filtered.bam.sam,/mnt/archiving/DATA_HIEUNHO/GW-bismark_cfDNA-highdepth_pair-end/06_methylation_extract/1-ZMG069SR1ME131W_M504-M704.deduplicated.bedGraph.gz.bismark.zero.cov,/mnt/archiving/DATA_HIEUNHO/methyl_haplotype_from_TM_pipeline_with_multi_bed/135_cfDNA_highdepth/ZMG069SR1.mHapMetrics.txt
ZMG046S,Gastric,Tissue,ZMG046S,/mnt/archiving/DATA_HIEUNHO/GW-bismark_cfDNA-highdepth_pair-end/04_bismark_deduplicated_sorted/ZMG046S.deduplicated.sorted.bam,/mnt/archiving/DATA_HIEUNHO/preprocessing_pipeline_for_kmer_at_CpG_sites/cfDNA_highdepth/02_truncated_reads_at_CpG_sites_modify/ZMG046S.deduplicated.sorted.bam.filtered.bam.sam,/mnt/archiving/DATA_HIEUNHO/GW-bismark_cfDNA-highdepth_pair-end/06_methylation_extract/ZMG046S.deduplicated.bedGraph.gz.bismark.zero.cov,/mnt/archiving/DATA_HIEUNHO/methyl_haplotype_from_TM_pipeline_with_multi_bed/135_cfDNA_highdepth/ZMG046S.mHapMetrics.txt
ZMG048S,Gastric,Tissue,ZMG048S,/mnt/archiving/DATA_HIEUNHO/GW-bismark_cfDNA-highdepth_pair-end/04_bismark_deduplicated_sorted/ZMG048S.deduplicated.sorted.bam,/mnt/archiving/DATA_HIEUNHO/preprocessing_pipeline_for_kmer_at_CpG_sites/cfDNA_highdepth/02_truncated_reads_at_CpG_sites_modify/ZMG048S.deduplicated.sorted.bam.filtered.bam.sam,/mnt/archiving/DATA_HIEUNHO/GW-bismark_cfDNA-highdepth_pair-end/06_methylation_extract/ZMG048S.deduplicated.bedGraph.gz.bismark.zero.cov,/mnt/archiving/DATA_HIEUNHO/methyl_haplotype_from_TM_pipeline_with_multi_bed/135_cfDNA_highdepth/ZMG048S.mHapMetrics.txt
ZMG051S,Gastric,Tissue,ZMG051S,/mnt/archiving/DATA_HIEUNHO/GW-bismark_cfDNA-highdepth_pair-end/04_bismark_deduplicated_sorted/ZMG051S.deduplicated.sorted.bam,/mnt/archiving/DATA_HIEUNHO/preprocessing_pipeline_for_kmer_at_CpG_sites/cfDNA_highdepth/02_truncated_reads_at_CpG_sites_modify/ZMG051S.deduplicated.sorted.bam.filtered.bam.sam,/mnt/archiving/DATA_HIEUNHO/GW-bismark_cfDNA-highdepth_pair-end/06_methylation_extract/ZMG051S.deduplicated.bedGraph.gz.bismark.zero.cov,/mnt/archiving/DATA_HIEUNHO/methyl_haplotype_from_TM_pipeline_with_multi_bed/135_cfDNA_highdepth/ZMG051S.mHapMetrics.txt
ZMG053S,Gastric,Tissue,ZMG053S,/mnt/archiving/DATA_HIEUNHO/GW-bismark_cfDNA-highdepth_pair-end/04_bismark_deduplicated_sorted/ZMG053S.deduplicated.sorted.bam,/mnt/archiving/DATA_HIEUNHO/preprocessing_pipeline_for_kmer_at_CpG_sites/cfDNA_highdepth/02_truncated_reads_at_CpG_sites_modify/ZMG053S.deduplicated.sorted.bam.filtered.bam.sam,/mnt/archiving/DATA_HIEUNHO/GW-bismark_cfDNA-highdepth_pair-end/06_methylation_extract/ZMG053S.deduplicated.bedGraph.gz.bismark.zero.cov,/mnt/archiving/DATA_HIEUNHO/methyl_haplotype_from_TM_pipeline_with_multi_bed/135_cfDNA_highdepth/ZMG053S.mHapMetrics.txt
ZMG059S,Gastric,Tissue,ZMG059S,/mnt/archiving/DATA_HIEUNHO/GW-bismark_cfDNA-highdepth_pair-end/04_bismark_deduplicated_sorted/ZMG059S.deduplicated.sorted.bam,/mnt/archiving/DATA_HIEUNHO/preprocessing_pipeline_for_kmer_at_CpG_sites/cfDNA_highdepth/02_truncated_reads_at_CpG_sites_modify/ZMG059S.deduplicated.sorted.bam.filtered.bam.sam,/mnt/archiving/DATA_HIEUNHO/GW-bismark_cfDNA-highdepth_pair-end/06_methylation_extract/ZMG059S.deduplicated.bedGraph.gz.bismark.zero.cov,/mnt/archiving/DATA_HIEUNHO/methyl_haplotype_from_TM_pipeline_with_multi_bed/135_cfDNA_highdepth/ZMG059S.mHapMetrics.txt
ZMH038,Liver,cfDNA,1-ZMH038ME131W_M549-M749,/mnt/archiving/DATA_HIEUNHO/GW-bismark_cfDNA-highdepth_pair-end/04_bismark_deduplicated_sorted/1-ZMH038ME131W_M549-M749.deduplicated.sorted.bam,/mnt/archiving/DATA_HIEUNHO/preprocessing_pipeline_for_kmer_at_CpG_sites/cfDNA_highdepth/02_truncated_reads_at_CpG_sites_modify/1-ZMH038ME131W_M549-M749.deduplicated.sorted.bam.filtered.bam.sam,/mnt/archiving/DATA_HIEUNHO/GW-bismark_cfDNA-highdepth_pair-end/06_methylation_extract/1-ZMH038ME131W_M549-M749.deduplicated.bedGraph.gz.bismark.zero.cov,/mnt/archiving/DATA_HIEUNHO/methyl_haplotype_from_TM_pipeline_with_multi_bed/135_cfDNA_highdepth/ZMH038.mHapMetrics.txt
ZMH043,Liver,cfDNA,1-ZMH043ME131W_M551-M751,/mnt/archiving/DATA_HIEUNHO/GW-bismark_cfDNA-highdepth_pair-end/04_bismark_deduplicated_sorted/1-ZMH043ME131W_M551-M751.deduplicated.sorted.bam,/mnt/archiving/DATA_HIEUNHO/preprocessing_pipeline_for_kmer_at_CpG_sites/cfDNA_highdepth/02_truncated_reads_at_CpG_sites_modify/1-ZMH043ME131W_M551-M751.deduplicated.sorted.bam.filtered.bam.sam,/mnt/archiving/DATA_HIEUNHO/GW-bismark_cfDNA-highdepth_pair-end/06_methylation_extract/1-ZMH043ME131W_M551-M751.deduplicated.bedGraph.gz.bismark.zero.cov,/mnt/archiving/DATA_HIEUNHO/methyl_haplotype_from_TM_pipeline_with_multi_bed/135_cfDNA_highdepth/ZMH043.mHapMetrics.txt
ZMH048S,Liver,Tissue,ZMH048S,/mnt/archiving/DATA_HIEUNHO/GW-bismark_cfDNA-highdepth_pair-end/04_bismark_deduplicated_sorted/ZMH048S.deduplicated.sorted.bam,/mnt/archiving/DATA_HIEUNHO/preprocessing_pipeline_for_kmer_at_CpG_sites/cfDNA_highdepth/02_truncated_reads_at_CpG_sites_modify/ZMH048S.deduplicated.sorted.bam.filtered.bam.sam,/mnt/archiving/DATA_HIEUNHO/GW-bismark_cfDNA-highdepth_pair-end/06_methylation_extract/ZMH048S.deduplicated.bedGraph.gz.bismark.zero.cov,/mnt/archiving/DATA_HIEUNHO/methyl_haplotype_from_TM_pipeline_with_multi_bed/135_cfDNA_highdepth/ZMH048S.mHapMetrics.txt
ZMH049R2W,Liver,cfDNA,3-ZMH049R2W_M582-M782,/mnt/archiving/DATA_HIEUNHO/GW-bismark_cfDNA-highdepth_pair-end/04_bismark_deduplicated_sorted/3-ZMH049R2W_M582-M782.deduplicated.sorted.bam,/mnt/archiving/DATA_HIEUNHO/preprocessing_pipeline_for_kmer_at_CpG_sites/cfDNA_highdepth/02_truncated_reads_at_CpG_sites_modify/3-ZMH049R2W_M582-M782.deduplicated.sorted.bam.filtered.bam.sam,/mnt/archiving/DATA_HIEUNHO/GW-bismark_cfDNA-highdepth_pair-end/06_methylation_extract/3-ZMH049R2W_M582-M782.deduplicated.bedGraph.gz.bismark.zero.cov,/mnt/archiving/DATA_HIEUNHO/methyl_haplotype_from_TM_pipeline_with_multi_bed/135_cfDNA_highdepth/ZMH049R2W.mHapMetrics.txt
ZMH049S,Liver,Tissue,15-ZMH049SME131W_M563-M763,/mnt/archiving/DATA_HIEUNHO/GW-bismark_cfDNA-highdepth_pair-end/04_bismark_deduplicated_sorted/15-ZMH049SME131W_M563-M763.deduplicated.sorted.bam,/mnt/archiving/DATA_HIEUNHO/preprocessing_pipeline_for_kmer_at_CpG_sites/cfDNA_highdepth/02_truncated_reads_at_CpG_sites_modify/15-ZMH049SME131W_M563-M763.deduplicated.sorted.bam.filtered.bam.sam,/mnt/archiving/DATA_HIEUNHO/GW-bismark_cfDNA-highdepth_pair-end/06_methylation_extract/15-ZMH049SME131W_M563-M763.deduplicated.bedGraph.gz.bismark.zero.cov,/mnt/archiving/DATA_HIEUNHO/methyl_haplotype_from_TM_pipeline_with_multi_bed/135_cfDNA_highdepth/ZMH049S.mHapMetrics.txt
ZMH050S,Liver,Tissue,ZMH050S,/mnt/archiving/DATA_HIEUNHO/GW-bismark_cfDNA-highdepth_pair-end/04_bismark_deduplicated_sorted/ZMH050S.deduplicated.sorted.bam,/mnt/archiving/DATA_HIEUNHO/preprocessing_pipeline_for_kmer_at_CpG_sites/cfDNA_highdepth/02_truncated_reads_at_CpG_sites_modify/ZMH050S.deduplicated.sorted.bam.filtered.bam.sam,/mnt/archiving/DATA_HIEUNHO/GW-bismark_cfDNA-highdepth_pair-end/06_methylation_extract/ZMH050S.deduplicated.bedGraph.gz.bismark.zero.cov,/mnt/archiving/DATA_HIEUNHO/methyl_haplotype_from_TM_pipeline_with_multi_bed/135_cfDNA_highdepth/ZMH050S.mHapMetrics.txt
ZMH051S,Liver,Tissue,ZMH051S,/mnt/archiving/DATA_HIEUNHO/GW-bismark_cfDNA-highdepth_pair-end/04_bismark_deduplicated_sorted/ZMH051S.deduplicated.sorted.bam,/mnt/archiving/DATA_HIEUNHO/preprocessing_pipeline_for_kmer_at_CpG_sites/cfDNA_highdepth/02_truncated_reads_at_CpG_sites_modify/ZMH051S.deduplicated.sorted.bam.filtered.bam.sam,/mnt/archiving/DATA_HIEUNHO/GW-bismark_cfDNA-highdepth_pair-end/06_methylation_extract/ZMH051S.deduplicated.bedGraph.gz.bismark.zero.cov,/mnt/archiving/DATA_HIEUNHO/methyl_haplotype_from_TM_pipeline_with_multi_bed/135_cfDNA_highdepth/ZMH051S.mHapMetrics.txt
ZMH053S,Liver,Tissue,ZMH053S,/mnt/archiving/DATA_HIEUNHO/GW-bismark_cfDNA-highdepth_pair-end/04_bismark_deduplicated_sorted/ZMH053S.deduplicated.sorted.bam,/mnt/archiving/DATA_HIEUNHO/preprocessing_pipeline_for_kmer_at_CpG_sites/cfDNA_highdepth/02_truncated_reads_at_CpG_sites_modify/ZMH053S.deduplicated.sorted.bam.filtered.bam.sam,/mnt/archiving/DATA_HIEUNHO/GW-bismark_cfDNA-highdepth_pair-end/06_methylation_extract/ZMH053S.deduplicated.bedGraph.gz.bismark.zero.cov,/mnt/archiving/DATA_HIEUNHO/methyl_haplotype_from_TM_pipeline_with_multi_bed/135_cfDNA_highdepth/ZMH053S.mHapMetrics.txt
ZMH056S,Liver,Tissue,ZMH056S,/mnt/archiving/DATA_HIEUNHO/GW-bismark_cfDNA-highdepth_pair-end/04_bismark_deduplicated_sorted/ZMH056S.deduplicated.sorted.bam,/mnt/archiving/DATA_HIEUNHO/preprocessing_pipeline_for_kmer_at_CpG_sites/cfDNA_highdepth/02_truncated_reads_at_CpG_sites_modify/ZMH056S.deduplicated.sorted.bam.filtered.bam.sam,/mnt/archiving/DATA_HIEUNHO/GW-bismark_cfDNA-highdepth_pair-end/06_methylation_extract/ZMH056S.deduplicated.bedGraph.gz.bismark.zero.cov,/mnt/archiving/DATA_HIEUNHO/methyl_haplotype_from_TM_pipeline_with_multi_bed/135_cfDNA_highdepth/ZMH056S.mHapMetrics.txt
ZMH057R1,Liver,cfDNA,33-ZMH057R1ME131W_S7523-S7723,/mnt/archiving/DATA_HIEUNHO/GW-bismark_cfDNA-highdepth_pair-end/04_bismark_deduplicated_sorted/33-ZMH057R1ME131W_S7523-S7723.deduplicated.sorted.bam,/mnt/archiving/DATA_HIEUNHO/preprocessing_pipeline_for_kmer_at_CpG_sites/cfDNA_highdepth/02_truncated_reads_at_CpG_sites_modify/33-ZMH057R1ME131W_S7523-S7723.deduplicated.sorted.bam.filtered.bam.sam,/mnt/archiving/DATA_HIEUNHO/GW-bismark_cfDNA-highdepth_pair-end/06_methylation_extract/33-ZMH057R1ME131W_S7523-S7723.deduplicated.bedGraph.gz.bismark.zero.cov,/mnt/archiving/DATA_HIEUNHO/methyl_haplotype_from_TM_pipeline_with_multi_bed/135_cfDNA_highdepth/ZMH057R1.mHapMetrics.txt
ZMH057S,Liver,Tissue,3-ZMH057SME131W_M503-M703,/mnt/archiving/DATA_HIEUNHO/GW-bismark_cfDNA-highdepth_pair-end/04_bismark_deduplicated_sorted/3-ZMH057SME131W_M503-M703.deduplicated.sorted.bam,/mnt/archiving/DATA_HIEUNHO/preprocessing_pipeline_for_kmer_at_CpG_sites/cfDNA_highdepth/02_truncated_reads_at_CpG_sites_modify/3-ZMH057SME131W_M503-M703.deduplicated.sorted.bam.filtered.bam.sam,/mnt/archiving/DATA_HIEUNHO/GW-bismark_cfDNA-highdepth_pair-end/06_methylation_extract/3-ZMH057SME131W_M503-M703.deduplicated.bedGraph.gz.bismark.zero.cov,/mnt/archiving/DATA_HIEUNHO/methyl_haplotype_from_TM_pipeline_with_multi_bed/135_cfDNA_highdepth/ZMH057S.mHapMetrics.txt
ZMH059R2,Liver,cfDNA,4-ZMH059R2ME131W_M509-M709,/mnt/archiving/DATA_HIEUNHO/GW-bismark_cfDNA-highdepth_pair-end/04_bismark_deduplicated_sorted/4-ZMH059R2ME131W_M509-M709.deduplicated.sorted.bam,/mnt/archiving/DATA_HIEUNHO/preprocessing_pipeline_for_kmer_at_CpG_sites/cfDNA_highdepth/02_truncated_reads_at_CpG_sites_modify/4-ZMH059R2ME131W_M509-M709.deduplicated.sorted.bam.filtered.bam.sam,/mnt/archiving/DATA_HIEUNHO/GW-bismark_cfDNA-highdepth_pair-end/06_methylation_extract/4-ZMH059R2ME131W_M509-M709.deduplicated.bedGraph.gz.bismark.zero.cov,/mnt/archiving/DATA_HIEUNHO/methyl_haplotype_from_TM_pipeline_with_multi_bed/135_cfDNA_highdepth/ZMH059R2.mHapMetrics.txt
ZMH059S,Liver,Tissue,16-ZMH059SME131W_M564-M764,/mnt/archiving/DATA_HIEUNHO/GW-bismark_cfDNA-highdepth_pair-end/04_bismark_deduplicated_sorted/16-ZMH059SME131W_M564-M764.deduplicated.sorted.bam,/mnt/archiving/DATA_HIEUNHO/preprocessing_pipeline_for_kmer_at_CpG_sites/cfDNA_highdepth/02_truncated_reads_at_CpG_sites_modify/16-ZMH059SME131W_M564-M764.deduplicated.sorted.bam.filtered.bam.sam,/mnt/archiving/DATA_HIEUNHO/GW-bismark_cfDNA-highdepth_pair-end/06_methylation_extract/16-ZMH059SME131W_M564-M764.deduplicated.bedGraph.gz.bismark.zero.cov,/mnt/archiving/DATA_HIEUNHO/methyl_haplotype_from_TM_pipeline_with_multi_bed/135_cfDNA_highdepth/ZMH059S.mHapMetrics.txt
ZMH061S,Liver,Tissue,ZMH061S,/mnt/archiving/DATA_HIEUNHO/GW-bismark_cfDNA-highdepth_pair-end/04_bismark_deduplicated_sorted/ZMH061S.deduplicated.sorted.bam,/mnt/archiving/DATA_HIEUNHO/preprocessing_pipeline_for_kmer_at_CpG_sites/cfDNA_highdepth/02_truncated_reads_at_CpG_sites_modify/ZMH061S.deduplicated.sorted.bam.filtered.bam.sam,/mnt/archiving/DATA_HIEUNHO/GW-bismark_cfDNA-highdepth_pair-end/06_methylation_extract/ZMH061S.deduplicated.bedGraph.gz.bismark.zero.cov,/mnt/archiving/DATA_HIEUNHO/methyl_haplotype_from_TM_pipeline_with_multi_bed/135_cfDNA_highdepth/ZMH061S.mHapMetrics.txt
ZMH046,Liver,cfDNA,ZMH046,/mnt/archiving/DATA_HIEUNHO/GW-bismark_cfDNA-highdepth_pair-end/04_bismark_deduplicated_sorted/ZMH046.deduplicated.sorted.bam,/mnt/archiving/DATA_HIEUNHO/preprocessing_pipeline_for_kmer_at_CpG_sites/cfDNA_highdepth/02_truncated_reads_at_CpG_sites_modify/ZMH046.deduplicated.sorted.bam.filtered.bam.sam,/mnt/archiving/DATA_HIEUNHO/GW-bismark_cfDNA-highdepth_pair-end/06_methylation_extract/ZMH046.deduplicated.bedGraph.gz.bismark.zero.cov,/mnt/archiving/DATA_HIEUNHO/methyl_haplotype_from_TM_pipeline_with_multi_bed/135_cfDNA_highdepth/ZMH046.mHapMetrics.txt
ZNB027SR1,Breast,Tissue,3-ZNB027SR1ME131W_M551-M751,/mnt/archiving/DATA_HIEUNHO/GW-bismark_cfDNA-highdepth_pair-end/04_bismark_deduplicated_sorted/3-ZNB027SR1ME131W_M551-M751.deduplicated.sorted.bam,/mnt/archiving/DATA_HIEUNHO/preprocessing_pipeline_for_kmer_at_CpG_sites/cfDNA_highdepth/02_truncated_reads_at_CpG_sites_modify/3-ZNB027SR1ME131W_M551-M751.deduplicated.sorted.bam.filtered.bam.sam,/mnt/archiving/DATA_HIEUNHO/GW-bismark_cfDNA-highdepth_pair-end/06_methylation_extract/3-ZNB027SR1ME131W_M551-M751.deduplicated.bedGraph.gz.bismark.zero.cov,/mnt/archiving/DATA_HIEUNHO/methyl_haplotype_from_TM_pipeline_with_multi_bed/135_cfDNA_highdepth/ZNB027SR1.mHapMetrics.txt
ZNB028SR1,Breast,Tissue,4-ZNB028SR1ME131W_M552-M752,/mnt/archiving/DATA_HIEUNHO/GW-bismark_cfDNA-highdepth_pair-end/04_bismark_deduplicated_sorted/4-ZNB028SR1ME131W_M552-M752.deduplicated.sorted.bam,/mnt/archiving/DATA_HIEUNHO/preprocessing_pipeline_for_kmer_at_CpG_sites/cfDNA_highdepth/02_truncated_reads_at_CpG_sites_modify/4-ZNB028SR1ME131W_M552-M752.deduplicated.sorted.bam.filtered.bam.sam,/mnt/archiving/DATA_HIEUNHO/GW-bismark_cfDNA-highdepth_pair-end/06_methylation_extract/4-ZNB028SR1ME131W_M552-M752.deduplicated.bedGraph.gz.bismark.zero.cov,/mnt/archiving/DATA_HIEUNHO/methyl_haplotype_from_TM_pipeline_with_multi_bed/135_cfDNA_highdepth/ZNB028SR1.mHapMetrics.txt
ZNB031SR1,Breast,Tissue,5-ZNB031SR1ME131W_M553-M753,/mnt/archiving/DATA_HIEUNHO/GW-bismark_cfDNA-highdepth_pair-end/04_bismark_deduplicated_sorted/5-ZNB031SR1ME131W_M553-M753.deduplicated.sorted.bam,/mnt/archiving/DATA_HIEUNHO/preprocessing_pipeline_for_kmer_at_CpG_sites/cfDNA_highdepth/02_truncated_reads_at_CpG_sites_modify/5-ZNB031SR1ME131W_M553-M753.deduplicated.sorted.bam.filtered.bam.sam,/mnt/archiving/DATA_HIEUNHO/GW-bismark_cfDNA-highdepth_pair-end/06_methylation_extract/5-ZNB031SR1ME131W_M553-M753.deduplicated.bedGraph.gz.bismark.zero.cov,/mnt/archiving/DATA_HIEUNHO/methyl_haplotype_from_TM_pipeline_with_multi_bed/135_cfDNA_highdepth/ZNB031SR1.mHapMetrics.txt
ZNB034R3W,Breast,cfDNA,2-ZNB34R3W_M577-M777,/mnt/archiving/DATA_HIEUNHO/GW-bismark_cfDNA-highdepth_pair-end/04_bismark_deduplicated_sorted/2-ZNB34R3W_M577-M777.deduplicated.sorted.bam,/mnt/archiving/DATA_HIEUNHO/preprocessing_pipeline_for_kmer_at_CpG_sites/cfDNA_highdepth/02_truncated_reads_at_CpG_sites_modify/2-ZNB34R3W_M577-M777.deduplicated.sorted.bam.filtered.bam.sam,/mnt/archiving/DATA_HIEUNHO/GW-bismark_cfDNA-highdepth_pair-end/06_methylation_extract/2-ZNB34R3W_M577-M777.deduplicated.bedGraph.gz.bismark.zero.cov,/mnt/archiving/DATA_HIEUNHO/methyl_haplotype_from_TM_pipeline_with_multi_bed/135_cfDNA_highdepth/ZNB034R3W.mHapMetrics.txt
ZNB034SR1,Breast,Tissue,8-ZNB034SR1ME131W_M556-M756,/mnt/archiving/DATA_HIEUNHO/GW-bismark_cfDNA-highdepth_pair-end/04_bismark_deduplicated_sorted/8-ZNB034SR1ME131W_M556-M756.deduplicated.sorted.bam,/mnt/archiving/DATA_HIEUNHO/preprocessing_pipeline_for_kmer_at_CpG_sites/cfDNA_highdepth/02_truncated_reads_at_CpG_sites_modify/8-ZNB034SR1ME131W_M556-M756.deduplicated.sorted.bam.filtered.bam.sam,/mnt/archiving/DATA_HIEUNHO/GW-bismark_cfDNA-highdepth_pair-end/06_methylation_extract/8-ZNB034SR1ME131W_M556-M756.deduplicated.bedGraph.gz.bismark.zero.cov,/mnt/archiving/DATA_HIEUNHO/methyl_haplotype_from_TM_pipeline_with_multi_bed/135_cfDNA_highdepth/ZNB034SR1.mHapMetrics.txt
ZNB03B,Breast,WBC,ZNB03B,/mnt/archiving/DATA_HIEUNHO/GW-bismark_cfDNA-highdepth_pair-end/04_bismark_deduplicated_sorted/ZNB03B.deduplicated.sorted.bam,/mnt/archiving/DATA_HIEUNHO/preprocessing_pipeline_for_kmer_at_CpG_sites/cfDNA_highdepth/02_truncated_reads_at_CpG_sites_modify/ZNB03B.deduplicated.sorted.bam.filtered.bam.sam,/mnt/archiving/DATA_HIEUNHO/GW-bismark_cfDNA-highdepth_pair-end/06_methylation_extract/ZNB03B.deduplicated.bedGraph.gz.bismark.zero.cov,/mnt/archiving/DATA_HIEUNHO/methyl_haplotype_from_TM_pipeline_with_multi_bed/135_cfDNA_highdepth/ZNB03B.mHapMetrics.txt
ZNB03SR2,Breast,Tissue,ZNB03SR2,/mnt/archiving/DATA_HIEUNHO/GW-bismark_cfDNA-highdepth_pair-end/04_bismark_deduplicated_sorted/ZNB03SR2.deduplicated.sorted.bam,/mnt/archiving/DATA_HIEUNHO/preprocessing_pipeline_for_kmer_at_CpG_sites/cfDNA_highdepth/02_truncated_reads_at_CpG_sites_modify/ZNB03SR2.deduplicated.sorted.bam.filtered.bam.sam,/mnt/archiving/DATA_HIEUNHO/GW-bismark_cfDNA-highdepth_pair-end/06_methylation_extract/ZNB03SR2.deduplicated.bedGraph.gz.bismark.zero.cov,/mnt/archiving/DATA_HIEUNHO/methyl_haplotype_from_TM_pipeline_with_multi_bed/135_cfDNA_highdepth/ZNB03SR2.mHapMetrics.txt
ZNB04B,Breast,WBC,ZNB04B,/mnt/archiving/DATA_HIEUNHO/GW-bismark_cfDNA-highdepth_pair-end/04_bismark_deduplicated_sorted/ZNB04B.deduplicated.sorted.bam,/mnt/archiving/DATA_HIEUNHO/preprocessing_pipeline_for_kmer_at_CpG_sites/cfDNA_highdepth/02_truncated_reads_at_CpG_sites_modify/ZNB04B.deduplicated.sorted.bam.filtered.bam.sam,/mnt/archiving/DATA_HIEUNHO/GW-bismark_cfDNA-highdepth_pair-end/06_methylation_extract/ZNB04B.deduplicated.bedGraph.gz.bismark.zero.cov,/mnt/archiving/DATA_HIEUNHO/methyl_haplotype_from_TM_pipeline_with_multi_bed/135_cfDNA_highdepth/ZNB04B.mHapMetrics.txt
ZNB04SR2,Breast,Tissue,ZNB04SR2,/mnt/archiving/DATA_HIEUNHO/GW-bismark_cfDNA-highdepth_pair-end/04_bismark_deduplicated_sorted/ZNB04SR2.deduplicated.sorted.bam,/mnt/archiving/DATA_HIEUNHO/preprocessing_pipeline_for_kmer_at_CpG_sites/cfDNA_highdepth/02_truncated_reads_at_CpG_sites_modify/ZNB04SR2.deduplicated.sorted.bam.filtered.bam.sam,/mnt/archiving/DATA_HIEUNHO/GW-bismark_cfDNA-highdepth_pair-end/06_methylation_extract/ZNB04SR2.deduplicated.bedGraph.gz.bismark.zero.cov,/mnt/archiving/DATA_HIEUNHO/methyl_haplotype_from_TM_pipeline_with_multi_bed/135_cfDNA_highdepth/ZNB04SR2.mHapMetrics.txt
ZNB05B,Breast,WBC,ZNB05B,/mnt/archiving/DATA_HIEUNHO/GW-bismark_cfDNA-highdepth_pair-end/04_bismark_deduplicated_sorted/ZNB05B.deduplicated.sorted.bam,/mnt/archiving/DATA_HIEUNHO/preprocessing_pipeline_for_kmer_at_CpG_sites/cfDNA_highdepth/02_truncated_reads_at_CpG_sites_modify/ZNB05B.deduplicated.sorted.bam.filtered.bam.sam,/mnt/archiving/DATA_HIEUNHO/GW-bismark_cfDNA-highdepth_pair-end/06_methylation_extract/ZNB05B.deduplicated.bedGraph.gz.bismark.zero.cov,/mnt/archiving/DATA_HIEUNHO/methyl_haplotype_from_TM_pipeline_with_multi_bed/135_cfDNA_highdepth/ZNB05B.mHapMetrics.txt
ZNB05S,Breast,Tissue,ZNB05S,/mnt/archiving/DATA_HIEUNHO/GW-bismark_cfDNA-highdepth_pair-end/04_bismark_deduplicated_sorted/ZNB05S.deduplicated.sorted.bam,/mnt/archiving/DATA_HIEUNHO/preprocessing_pipeline_for_kmer_at_CpG_sites/cfDNA_highdepth/02_truncated_reads_at_CpG_sites_modify/ZNB05S.deduplicated.sorted.bam.filtered.bam.sam,/mnt/archiving/DATA_HIEUNHO/GW-bismark_cfDNA-highdepth_pair-end/06_methylation_extract/ZNB05S.deduplicated.bedGraph.gz.bismark.zero.cov,/mnt/archiving/DATA_HIEUNHO/methyl_haplotype_from_TM_pipeline_with_multi_bed/135_cfDNA_highdepth/ZNB05S.mHapMetrics.txt
ZNB06SR3,Breast,Tissue,ZNB06SR3,/mnt/archiving/DATA_HIEUNHO/GW-bismark_cfDNA-highdepth_pair-end/04_bismark_deduplicated_sorted/ZNB06SR3.deduplicated.sorted.bam,/mnt/archiving/DATA_HIEUNHO/preprocessing_pipeline_for_kmer_at_CpG_sites/cfDNA_highdepth/02_truncated_reads_at_CpG_sites_modify/ZNB06SR3.deduplicated.sorted.bam.filtered.bam.sam,/mnt/archiving/DATA_HIEUNHO/GW-bismark_cfDNA-highdepth_pair-end/06_methylation_extract/ZNB06SR3.deduplicated.bedGraph.gz.bismark.zero.cov,/mnt/archiving/DATA_HIEUNHO/methyl_haplotype_from_TM_pipeline_with_multi_bed/135_cfDNA_highdepth/ZNB06SR3.mHapMetrics.txt
ZNB07B,Breast,WBC,ZNB07B,/mnt/archiving/DATA_HIEUNHO/GW-bismark_cfDNA-highdepth_pair-end/04_bismark_deduplicated_sorted/ZNB07B.deduplicated.sorted.bam,/mnt/archiving/DATA_HIEUNHO/preprocessing_pipeline_for_kmer_at_CpG_sites/cfDNA_highdepth/02_truncated_reads_at_CpG_sites_modify/ZNB07B.deduplicated.sorted.bam.filtered.bam.sam,/mnt/archiving/DATA_HIEUNHO/GW-bismark_cfDNA-highdepth_pair-end/06_methylation_extract/ZNB07B.deduplicated.bedGraph.gz.bismark.zero.cov,/mnt/archiving/DATA_HIEUNHO/methyl_haplotype_from_TM_pipeline_with_multi_bed/135_cfDNA_highdepth/ZNB07B.mHapMetrics.txt
ZNB07R3W,Breast,cfDNA,5-ZNB07R3W_M529-M729,/mnt/archiving/DATA_HIEUNHO/GW-bismark_cfDNA-highdepth_pair-end/04_bismark_deduplicated_sorted/5-ZNB07R3W_M529-M729.deduplicated.sorted.bam,/mnt/archiving/DATA_HIEUNHO/preprocessing_pipeline_for_kmer_at_CpG_sites/cfDNA_highdepth/02_truncated_reads_at_CpG_sites_modify/5-ZNB07R3W_M529-M729.deduplicated.sorted.bam.filtered.bam.sam,/mnt/archiving/DATA_HIEUNHO/GW-bismark_cfDNA-highdepth_pair-end/06_methylation_extract/5-ZNB07R3W_M529-M729.deduplicated.bedGraph.gz.bismark.zero.cov,/mnt/archiving/DATA_HIEUNHO/methyl_haplotype_from_TM_pipeline_with_multi_bed/135_cfDNA_highdepth/ZNB07R3W.mHapMetrics.txt
ZNB07S,Breast,Tissue,7-ZNB07SME131W_M555-M755,/mnt/archiving/DATA_HIEUNHO/GW-bismark_cfDNA-highdepth_pair-end/04_bismark_deduplicated_sorted/7-ZNB07SME131W_M555-M755.deduplicated.sorted.bam,/mnt/archiving/DATA_HIEUNHO/preprocessing_pipeline_for_kmer_at_CpG_sites/cfDNA_highdepth/02_truncated_reads_at_CpG_sites_modify/7-ZNB07SME131W_M555-M755.deduplicated.sorted.bam.filtered.bam.sam,/mnt/archiving/DATA_HIEUNHO/GW-bismark_cfDNA-highdepth_pair-end/06_methylation_extract/7-ZNB07SME131W_M555-M755.deduplicated.bedGraph.gz.bismark.zero.cov,/mnt/archiving/DATA_HIEUNHO/methyl_haplotype_from_TM_pipeline_with_multi_bed/135_cfDNA_highdepth/ZNB07S.mHapMetrics.txt
ZNB12B,Breast,WBC,ZNB12B,/mnt/archiving/DATA_HIEUNHO/GW-bismark_cfDNA-highdepth_pair-end/04_bismark_deduplicated_sorted/ZNB12B.deduplicated.sorted.bam,/mnt/archiving/DATA_HIEUNHO/preprocessing_pipeline_for_kmer_at_CpG_sites/cfDNA_highdepth/02_truncated_reads_at_CpG_sites_modify/ZNB12B.deduplicated.sorted.bam.filtered.bam.sam,/mnt/archiving/DATA_HIEUNHO/GW-bismark_cfDNA-highdepth_pair-end/06_methylation_extract/ZNB12B.deduplicated.bedGraph.gz.bismark.zero.cov,/mnt/archiving/DATA_HIEUNHO/methyl_haplotype_from_TM_pipeline_with_multi_bed/135_cfDNA_highdepth/ZNB12B.mHapMetrics.txt
ZNB12R3,Breast,cfDNA,35-ZNB12R3ME131W_M525-M725,/mnt/archiving/DATA_HIEUNHO/GW-bismark_cfDNA-highdepth_pair-end/04_bismark_deduplicated_sorted/35-ZNB12R3ME131W_M525-M725.deduplicated.sorted.bam,/mnt/archiving/DATA_HIEUNHO/preprocessing_pipeline_for_kmer_at_CpG_sites/cfDNA_highdepth/02_truncated_reads_at_CpG_sites_modify/35-ZNB12R3ME131W_M525-M725.deduplicated.sorted.bam.filtered.bam.sam,/mnt/archiving/DATA_HIEUNHO/GW-bismark_cfDNA-highdepth_pair-end/06_methylation_extract/35-ZNB12R3ME131W_M525-M725.deduplicated.bedGraph.gz.bismark.zero.cov,/mnt/archiving/DATA_HIEUNHO/methyl_haplotype_from_TM_pipeline_with_multi_bed/135_cfDNA_highdepth/ZNB12R3.mHapMetrics.txt
ZNB12S,Breast,Tissue,1-ZNB12SME131W_M549-M749,/mnt/archiving/DATA_HIEUNHO/GW-bismark_cfDNA-highdepth_pair-end/04_bismark_deduplicated_sorted/1-ZNB12SME131W_M549-M749.deduplicated.sorted.bam,/mnt/archiving/DATA_HIEUNHO/preprocessing_pipeline_for_kmer_at_CpG_sites/cfDNA_highdepth/02_truncated_reads_at_CpG_sites_modify/1-ZNB12SME131W_M549-M749.deduplicated.sorted.bam.filtered.bam.sam,/mnt/archiving/DATA_HIEUNHO/GW-bismark_cfDNA-highdepth_pair-end/06_methylation_extract/1-ZNB12SME131W_M549-M749.deduplicated.bedGraph.gz.bismark.zero.cov,/mnt/archiving/DATA_HIEUNHO/methyl_haplotype_from_TM_pipeline_with_multi_bed/135_cfDNA_highdepth/ZNB12S.mHapMetrics.txt
ZNB20,Breast,cfDNA,ZNB20,/mnt/archiving/DATA_HIEUNHO/GW-bismark_cfDNA-highdepth_pair-end/04_bismark_deduplicated_sorted/ZNB20.deduplicated.sorted.bam,/mnt/archiving/DATA_HIEUNHO/preprocessing_pipeline_for_kmer_at_CpG_sites/cfDNA_highdepth/02_truncated_reads_at_CpG_sites_modify/ZNB20.deduplicated.sorted.bam.filtered.bam.sam,/mnt/archiving/DATA_HIEUNHO/GW-bismark_cfDNA-highdepth_pair-end/06_methylation_extract/ZNB20.deduplicated.bedGraph.gz.bismark.zero.cov,/mnt/archiving/DATA_HIEUNHO/methyl_haplotype_from_TM_pipeline_with_multi_bed/135_cfDNA_highdepth/ZNB20.mHapMetrics.txt
ZNB20B,Breast,WBC,ZNB20B,/mnt/archiving/DATA_HIEUNHO/GW-bismark_cfDNA-highdepth_pair-end/04_bismark_deduplicated_sorted/ZNB20B.deduplicated.sorted.bam,/mnt/archiving/DATA_HIEUNHO/preprocessing_pipeline_for_kmer_at_CpG_sites/cfDNA_highdepth/02_truncated_reads_at_CpG_sites_modify/ZNB20B.deduplicated.sorted.bam.filtered.bam.sam,/mnt/archiving/DATA_HIEUNHO/GW-bismark_cfDNA-highdepth_pair-end/06_methylation_extract/ZNB20B.deduplicated.bedGraph.gz.bismark.zero.cov,/mnt/archiving/DATA_HIEUNHO/methyl_haplotype_from_TM_pipeline_with_multi_bed/135_cfDNA_highdepth/ZNB20B.mHapMetrics.txt
ZNB20S,Breast,Tissue,2-ZNB20SME131W_M511-M711,/mnt/archiving/DATA_HIEUNHO/GW-bismark_cfDNA-highdepth_pair-end/04_bismark_deduplicated_sorted/2-ZNB20SME131W_M511-M711.deduplicated.sorted.bam,/mnt/archiving/DATA_HIEUNHO/preprocessing_pipeline_for_kmer_at_CpG_sites/cfDNA_highdepth/02_truncated_reads_at_CpG_sites_modify/2-ZNB20SME131W_M511-M711.deduplicated.sorted.bam.filtered.bam.sam,/mnt/archiving/DATA_HIEUNHO/GW-bismark_cfDNA-highdepth_pair-end/06_methylation_extract/2-ZNB20SME131W_M511-M711.deduplicated.bedGraph.gz.bismark.zero.cov,/mnt/archiving/DATA_HIEUNHO/methyl_haplotype_from_TM_pipeline_with_multi_bed/135_cfDNA_highdepth/ZNB20S.mHapMetrics.txt
ZNB22,Breast,cfDNA,36-ZNB22ME131W_M526-M726,/mnt/archiving/DATA_HIEUNHO/GW-bismark_cfDNA-highdepth_pair-end/04_bismark_deduplicated_sorted/36-ZNB22ME131W_M526-M726.deduplicated.sorted.bam,/mnt/archiving/DATA_HIEUNHO/preprocessing_pipeline_for_kmer_at_CpG_sites/cfDNA_highdepth/02_truncated_reads_at_CpG_sites_modify/36-ZNB22ME131W_M526-M726.deduplicated.sorted.bam.filtered.bam.sam,/mnt/archiving/DATA_HIEUNHO/GW-bismark_cfDNA-highdepth_pair-end/06_methylation_extract/36-ZNB22ME131W_M526-M726.deduplicated.bedGraph.gz.bismark.zero.cov,/mnt/archiving/DATA_HIEUNHO/methyl_haplotype_from_TM_pipeline_with_multi_bed/135_cfDNA_highdepth/ZNB22.mHapMetrics.txt
ZNB22B,Breast,WBC,ZNB22B,/mnt/archiving/DATA_HIEUNHO/GW-bismark_cfDNA-highdepth_pair-end/04_bismark_deduplicated_sorted/ZNB22B.deduplicated.sorted.bam,/mnt/archiving/DATA_HIEUNHO/preprocessing_pipeline_for_kmer_at_CpG_sites/cfDNA_highdepth/02_truncated_reads_at_CpG_sites_modify/ZNB22B.deduplicated.sorted.bam.filtered.bam.sam,/mnt/archiving/DATA_HIEUNHO/GW-bismark_cfDNA-highdepth_pair-end/06_methylation_extract/ZNB22B.deduplicated.bedGraph.gz.bismark.zero.cov,/mnt/archiving/DATA_HIEUNHO/methyl_haplotype_from_TM_pipeline_with_multi_bed/135_cfDNA_highdepth/ZNB22B.mHapMetrics.txt
ZNB22SR1,Breast,Tissue,3-ZNB22SR1ME131W_M512-M712,/mnt/archiving/DATA_HIEUNHO/GW-bismark_cfDNA-highdepth_pair-end/04_bismark_deduplicated_sorted/3-ZNB22SR1ME131W_M512-M712.deduplicated.sorted.bam,/mnt/archiving/DATA_HIEUNHO/preprocessing_pipeline_for_kmer_at_CpG_sites/cfDNA_highdepth/02_truncated_reads_at_CpG_sites_modify/3-ZNB22SR1ME131W_M512-M712.deduplicated.sorted.bam.filtered.bam.sam,/mnt/archiving/DATA_HIEUNHO/GW-bismark_cfDNA-highdepth_pair-end/06_methylation_extract/3-ZNB22SR1ME131W_M512-M712.deduplicated.bedGraph.gz.bismark.zero.cov,/mnt/archiving/DATA_HIEUNHO/methyl_haplotype_from_TM_pipeline_with_multi_bed/135_cfDNA_highdepth/ZNB22SR1.mHapMetrics.txt
ZNB27B,Breast,WBC,ZNB27B,/mnt/archiving/DATA_HIEUNHO/GW-bismark_cfDNA-highdepth_pair-end/04_bismark_deduplicated_sorted/ZNB27B.deduplicated.sorted.bam,/mnt/archiving/DATA_HIEUNHO/preprocessing_pipeline_for_kmer_at_CpG_sites/cfDNA_highdepth/02_truncated_reads_at_CpG_sites_modify/ZNB27B.deduplicated.sorted.bam.filtered.bam.sam,/mnt/archiving/DATA_HIEUNHO/GW-bismark_cfDNA-highdepth_pair-end/06_methylation_extract/ZNB27B.deduplicated.bedGraph.gz.bismark.zero.cov,/mnt/archiving/DATA_HIEUNHO/methyl_haplotype_from_TM_pipeline_with_multi_bed/135_cfDNA_highdepth/ZNB27B.mHapMetrics.txt
ZNB27R3,Breast,cfDNA,37-ZNB27R3ME131W_M527-M727,/mnt/archiving/DATA_HIEUNHO/GW-bismark_cfDNA-highdepth_pair-end/04_bismark_deduplicated_sorted/37-ZNB27R3ME131W_M527-M727.deduplicated.sorted.bam,/mnt/archiving/DATA_HIEUNHO/preprocessing_pipeline_for_kmer_at_CpG_sites/cfDNA_highdepth/02_truncated_reads_at_CpG_sites_modify/37-ZNB27R3ME131W_M527-M727.deduplicated.sorted.bam.filtered.bam.sam,/mnt/archiving/DATA_HIEUNHO/GW-bismark_cfDNA-highdepth_pair-end/06_methylation_extract/37-ZNB27R3ME131W_M527-M727.deduplicated.bedGraph.gz.bismark.zero.cov,/mnt/archiving/DATA_HIEUNHO/methyl_haplotype_from_TM_pipeline_with_multi_bed/135_cfDNA_highdepth/ZNB27R3.mHapMetrics.txt
ZNB28B,Breast,WBC,ZNB28B,/mnt/archiving/DATA_HIEUNHO/GW-bismark_cfDNA-highdepth_pair-end/04_bismark_deduplicated_sorted/ZNB28B.deduplicated.sorted.bam,/mnt/archiving/DATA_HIEUNHO/preprocessing_pipeline_for_kmer_at_CpG_sites/cfDNA_highdepth/02_truncated_reads_at_CpG_sites_modify/ZNB28B.deduplicated.sorted.bam.filtered.bam.sam,/mnt/archiving/DATA_HIEUNHO/GW-bismark_cfDNA-highdepth_pair-end/06_methylation_extract/ZNB28B.deduplicated.bedGraph.gz.bismark.zero.cov,/mnt/archiving/DATA_HIEUNHO/methyl_haplotype_from_TM_pipeline_with_multi_bed/135_cfDNA_highdepth/ZNB28B.mHapMetrics.txt
ZNB28R3W,Breast,cfDNA,1-ZNB28R3W_M576-M776,/mnt/archiving/DATA_HIEUNHO/GW-bismark_cfDNA-highdepth_pair-end/04_bismark_deduplicated_sorted/1-ZNB28R3W_M576-M776.deduplicated.sorted.bam,/mnt/archiving/DATA_HIEUNHO/preprocessing_pipeline_for_kmer_at_CpG_sites/cfDNA_highdepth/02_truncated_reads_at_CpG_sites_modify/1-ZNB28R3W_M576-M776.deduplicated.sorted.bam.filtered.bam.sam,/mnt/archiving/DATA_HIEUNHO/GW-bismark_cfDNA-highdepth_pair-end/06_methylation_extract/1-ZNB28R3W_M576-M776.deduplicated.bedGraph.gz.bismark.zero.cov,/mnt/archiving/DATA_HIEUNHO/methyl_haplotype_from_TM_pipeline_with_multi_bed/135_cfDNA_highdepth/ZNB28R3W.mHapMetrics.txt
ZNB31B,Breast,WBC,ZNB31B,/mnt/archiving/DATA_HIEUNHO/GW-bismark_cfDNA-highdepth_pair-end/04_bismark_deduplicated_sorted/ZNB31B.deduplicated.sorted.bam,/mnt/archiving/DATA_HIEUNHO/preprocessing_pipeline_for_kmer_at_CpG_sites/cfDNA_highdepth/02_truncated_reads_at_CpG_sites_modify/ZNB31B.deduplicated.sorted.bam.filtered.bam.sam,/mnt/archiving/DATA_HIEUNHO/GW-bismark_cfDNA-highdepth_pair-end/06_methylation_extract/ZNB31B.deduplicated.bedGraph.gz.bismark.zero.cov,/mnt/archiving/DATA_HIEUNHO/methyl_haplotype_from_TM_pipeline_with_multi_bed/135_cfDNA_highdepth/ZNB31B.mHapMetrics.txt
ZNB31R3W,Breast,cfDNA,4-ZNB31R3W_M528-M728,/mnt/archiving/DATA_HIEUNHO/GW-bismark_cfDNA-highdepth_pair-end/04_bismark_deduplicated_sorted/4-ZNB31R3W_M528-M728.deduplicated.sorted.bam,/mnt/archiving/DATA_HIEUNHO/preprocessing_pipeline_for_kmer_at_CpG_sites/cfDNA_highdepth/02_truncated_reads_at_CpG_sites_modify/4-ZNB31R3W_M528-M728.deduplicated.sorted.bam.filtered.bam.sam,/mnt/archiving/DATA_HIEUNHO/GW-bismark_cfDNA-highdepth_pair-end/06_methylation_extract/4-ZNB31R3W_M528-M728.deduplicated.bedGraph.gz.bismark.zero.cov,/mnt/archiving/DATA_HIEUNHO/methyl_haplotype_from_TM_pipeline_with_multi_bed/135_cfDNA_highdepth/ZNB31R3W.mHapMetrics.txt
ZNB32B,Breast,WBC,ZNB32B,/mnt/archiving/DATA_HIEUNHO/GW-bismark_cfDNA-highdepth_pair-end/04_bismark_deduplicated_sorted/ZNB32B.deduplicated.sorted.bam,/mnt/archiving/DATA_HIEUNHO/preprocessing_pipeline_for_kmer_at_CpG_sites/cfDNA_highdepth/02_truncated_reads_at_CpG_sites_modify/ZNB32B.deduplicated.sorted.bam.filtered.bam.sam,/mnt/archiving/DATA_HIEUNHO/GW-bismark_cfDNA-highdepth_pair-end/06_methylation_extract/ZNB32B.deduplicated.bedGraph.gz.bismark.zero.cov,/mnt/archiving/DATA_HIEUNHO/methyl_haplotype_from_TM_pipeline_with_multi_bed/135_cfDNA_highdepth/ZNB32B.mHapMetrics.txt
ZNB32R2,Breast,cfDNA,33-ZNB32R2ME131W_S7530-S7730,/mnt/archiving/DATA_HIEUNHO/GW-bismark_cfDNA-highdepth_pair-end/04_bismark_deduplicated_sorted/33-ZNB32R2ME131W_S7530-S7730.deduplicated.sorted.bam,/mnt/archiving/DATA_HIEUNHO/preprocessing_pipeline_for_kmer_at_CpG_sites/cfDNA_highdepth/02_truncated_reads_at_CpG_sites_modify/33-ZNB32R2ME131W_S7530-S7730.deduplicated.sorted.bam.filtered.bam.sam,/mnt/archiving/DATA_HIEUNHO/GW-bismark_cfDNA-highdepth_pair-end/06_methylation_extract/33-ZNB32R2ME131W_S7530-S7730.deduplicated.bedGraph.gz.bismark.zero.cov,/mnt/archiving/DATA_HIEUNHO/methyl_haplotype_from_TM_pipeline_with_multi_bed/135_cfDNA_highdepth/ZNB32R2.mHapMetrics.txt
ZNB32S,Breast,Tissue,6-ZNB32SME131W_M554-M754,/mnt/archiving/DATA_HIEUNHO/GW-bismark_cfDNA-highdepth_pair-end/04_bismark_deduplicated_sorted/6-ZNB32SME131W_M554-M754.deduplicated.sorted.bam,/mnt/archiving/DATA_HIEUNHO/preprocessing_pipeline_for_kmer_at_CpG_sites/cfDNA_highdepth/02_truncated_reads_at_CpG_sites_modify/6-ZNB32SME131W_M554-M754.deduplicated.sorted.bam.filtered.bam.sam,/mnt/archiving/DATA_HIEUNHO/GW-bismark_cfDNA-highdepth_pair-end/06_methylation_extract/6-ZNB32SME131W_M554-M754.deduplicated.bedGraph.gz.bismark.zero.cov,/mnt/archiving/DATA_HIEUNHO/methyl_haplotype_from_TM_pipeline_with_multi_bed/135_cfDNA_highdepth/ZNB32S.mHapMetrics.txt
ZNB33,Breast,cfDNA,ZNB33,/mnt/archiving/DATA_HIEUNHO/GW-bismark_cfDNA-highdepth_pair-end/04_bismark_deduplicated_sorted/ZNB33.deduplicated.sorted.bam,/mnt/archiving/DATA_HIEUNHO/preprocessing_pipeline_for_kmer_at_CpG_sites/cfDNA_highdepth/02_truncated_reads_at_CpG_sites_modify/ZNB33.deduplicated.sorted.bam.filtered.bam.sam,/mnt/archiving/DATA_HIEUNHO/GW-bismark_cfDNA-highdepth_pair-end/06_methylation_extract/ZNB33.deduplicated.bedGraph.gz.bismark.zero.cov,/mnt/archiving/DATA_HIEUNHO/methyl_haplotype_from_TM_pipeline_with_multi_bed/135_cfDNA_highdepth/ZNB33.mHapMetrics.txt
ZNB33B,Breast,WBC,ZNB33B,/mnt/archiving/DATA_HIEUNHO/GW-bismark_cfDNA-highdepth_pair-end/04_bismark_deduplicated_sorted/ZNB33B.deduplicated.sorted.bam,/mnt/archiving/DATA_HIEUNHO/preprocessing_pipeline_for_kmer_at_CpG_sites/cfDNA_highdepth/02_truncated_reads_at_CpG_sites_modify/ZNB33B.deduplicated.sorted.bam.filtered.bam.sam,/mnt/archiving/DATA_HIEUNHO/GW-bismark_cfDNA-highdepth_pair-end/06_methylation_extract/ZNB33B.deduplicated.bedGraph.gz.bismark.zero.cov,/mnt/archiving/DATA_HIEUNHO/methyl_haplotype_from_TM_pipeline_with_multi_bed/135_cfDNA_highdepth/ZNB33B.mHapMetrics.txt
ZNB33SR1,Breast,Tissue,1-ZNB33SR1ME131W_M513-M713,/mnt/archiving/DATA_HIEUNHO/GW-bismark_cfDNA-highdepth_pair-end/04_bismark_deduplicated_sorted/1-ZNB33SR1ME131W_M513-M713.deduplicated.sorted.bam,/mnt/archiving/DATA_HIEUNHO/preprocessing_pipeline_for_kmer_at_CpG_sites/cfDNA_highdepth/02_truncated_reads_at_CpG_sites_modify/1-ZNB33SR1ME131W_M513-M713.deduplicated.sorted.bam.filtered.bam.sam,/mnt/archiving/DATA_HIEUNHO/GW-bismark_cfDNA-highdepth_pair-end/06_methylation_extract/1-ZNB33SR1ME131W_M513-M713.deduplicated.bedGraph.gz.bismark.zero.cov,/mnt/archiving/DATA_HIEUNHO/methyl_haplotype_from_TM_pipeline_with_multi_bed/135_cfDNA_highdepth/ZNB33SR1.mHapMetrics.txt
ZNB34B,Breast,WBC,ZNB34B,/mnt/archiving/DATA_HIEUNHO/GW-bismark_cfDNA-highdepth_pair-end/04_bismark_deduplicated_sorted/ZNB34B.deduplicated.sorted.bam,/mnt/archiving/DATA_HIEUNHO/preprocessing_pipeline_for_kmer_at_CpG_sites/cfDNA_highdepth/02_truncated_reads_at_CpG_sites_modify/ZNB34B.deduplicated.sorted.bam.filtered.bam.sam,/mnt/archiving/DATA_HIEUNHO/GW-bismark_cfDNA-highdepth_pair-end/06_methylation_extract/ZNB34B.deduplicated.bedGraph.gz.bismark.zero.cov,/mnt/archiving/DATA_HIEUNHO/methyl_haplotype_from_TM_pipeline_with_multi_bed/135_cfDNA_highdepth/ZNB34B.mHapMetrics.txt
ZNB34I0W,Control,cfDNA,NB34I0W,/mnt/archiving/DATA_HIEUNHO/GW-bismark_cfDNA-highdepth_pair-end/04_bismark_deduplicated_sorted/NB34I0W.deduplicated.sorted.bam,/mnt/archiving/DATA_HIEUNHO/preprocessing_pipeline_for_kmer_at_CpG_sites/cfDNA_highdepth/02_truncated_reads_at_CpG_sites_modify/NB34I0W.deduplicated.sorted.bam.filtered.bam.sam,/mnt/archiving/DATA_HIEUNHO/GW-bismark_cfDNA-highdepth_pair-end/06_methylation_extract/NB34I0W.deduplicated.bedGraph.gz.bismark.zero.cov,/mnt/archiving/DATA_HIEUNHO/methyl_haplotype_from_TM_pipeline_with_multi_bed/135_cfDNA_highdepth/ZNB34I0W.mHapMetrics.txt
ZNB35B,Breast,WBC,ZNB35B,/mnt/archiving/DATA_HIEUNHO/GW-bismark_cfDNA-highdepth_pair-end/04_bismark_deduplicated_sorted/ZNB35B.deduplicated.sorted.bam,/mnt/archiving/DATA_HIEUNHO/preprocessing_pipeline_for_kmer_at_CpG_sites/cfDNA_highdepth/02_truncated_reads_at_CpG_sites_modify/ZNB35B.deduplicated.sorted.bam.filtered.bam.sam,/mnt/archiving/DATA_HIEUNHO/GW-bismark_cfDNA-highdepth_pair-end/06_methylation_extract/ZNB35B.deduplicated.bedGraph.gz.bismark.zero.cov,/mnt/archiving/DATA_HIEUNHO/methyl_haplotype_from_TM_pipeline_with_multi_bed/135_cfDNA_highdepth/ZNB35B.mHapMetrics.txt
ZNB35R2,Breast,cfDNA,34-ZNB35R2ME131W_S8549-S8749,/mnt/archiving/DATA_HIEUNHO/GW-bismark_cfDNA-highdepth_pair-end/04_bismark_deduplicated_sorted/34-ZNB35R2ME131W_S8549-S8749.deduplicated.sorted.bam,/mnt/archiving/DATA_HIEUNHO/preprocessing_pipeline_for_kmer_at_CpG_sites/cfDNA_highdepth/02_truncated_reads_at_CpG_sites_modify/34-ZNB35R2ME131W_S8549-S8749.deduplicated.sorted.bam.filtered.bam.sam,/mnt/archiving/DATA_HIEUNHO/GW-bismark_cfDNA-highdepth_pair-end/06_methylation_extract/34-ZNB35R2ME131W_S8549-S8749.deduplicated.bedGraph.gz.bismark.zero.cov,/mnt/archiving/DATA_HIEUNHO/methyl_haplotype_from_TM_pipeline_with_multi_bed/135_cfDNA_highdepth/ZNB35R2.mHapMetrics.txt
ZNB35S,Breast,Tissue,2-ZNB35SME131W_M550-M750,/mnt/archiving/DATA_HIEUNHO/GW-bismark_cfDNA-highdepth_pair-end/04_bismark_deduplicated_sorted/2-ZNB35SME131W_M550-M750.deduplicated.sorted.bam,/mnt/archiving/DATA_HIEUNHO/preprocessing_pipeline_for_kmer_at_CpG_sites/cfDNA_highdepth/02_truncated_reads_at_CpG_sites_modify/2-ZNB35SME131W_M550-M750.deduplicated.sorted.bam.filtered.bam.sam,/mnt/archiving/DATA_HIEUNHO/GW-bismark_cfDNA-highdepth_pair-end/06_methylation_extract/2-ZNB35SME131W_M550-M750.deduplicated.bedGraph.gz.bismark.zero.cov,/mnt/archiving/DATA_HIEUNHO/methyl_haplotype_from_TM_pipeline_with_multi_bed/135_cfDNA_highdepth/ZNB35S.mHapMetrics.txt
ZNB44B,Breast,WBC,ZNB44B,/mnt/archiving/DATA_HIEUNHO/GW-bismark_cfDNA-highdepth_pair-end/04_bismark_deduplicated_sorted/ZNB44B.deduplicated.sorted.bam,/mnt/archiving/DATA_HIEUNHO/preprocessing_pipeline_for_kmer_at_CpG_sites/cfDNA_highdepth/02_truncated_reads_at_CpG_sites_modify/ZNB44B.deduplicated.sorted.bam.filtered.bam.sam,/mnt/archiving/DATA_HIEUNHO/GW-bismark_cfDNA-highdepth_pair-end/06_methylation_extract/ZNB44B.deduplicated.bedGraph.gz.bismark.zero.cov,/mnt/archiving/DATA_HIEUNHO/methyl_haplotype_from_TM_pipeline_with_multi_bed/135_cfDNA_highdepth/ZNB44B.mHapMetrics.txt
ZNB44SR1,Breast,Tissue,1-ZNB44SR1ME131W_M514-M714,/mnt/archiving/DATA_HIEUNHO/GW-bismark_cfDNA-highdepth_pair-end/04_bismark_deduplicated_sorted/1-ZNB44SR1ME131W_M514-M714.deduplicated.sorted.bam,/mnt/archiving/DATA_HIEUNHO/preprocessing_pipeline_for_kmer_at_CpG_sites/cfDNA_highdepth/02_truncated_reads_at_CpG_sites_modify/1-ZNB44SR1ME131W_M514-M714.deduplicated.sorted.bam.filtered.bam.sam,/mnt/archiving/DATA_HIEUNHO/GW-bismark_cfDNA-highdepth_pair-end/06_methylation_extract/1-ZNB44SR1ME131W_M514-M714.deduplicated.bedGraph.gz.bismark.zero.cov,/mnt/archiving/DATA_HIEUNHO/methyl_haplotype_from_TM_pipeline_with_multi_bed/135_cfDNA_highdepth/ZNB44SR1.mHapMetrics.txt
ZNB44W,Breast,cfDNA,3-ZNB44W_M578-M778,/mnt/archiving/DATA_HIEUNHO/GW-bismark_cfDNA-highdepth_pair-end/04_bismark_deduplicated_sorted/3-ZNB44W_M578-M778.deduplicated.sorted.bam,/mnt/archiving/DATA_HIEUNHO/preprocessing_pipeline_for_kmer_at_CpG_sites/cfDNA_highdepth/02_truncated_reads_at_CpG_sites_modify/3-ZNB44W_M578-M778.deduplicated.sorted.bam.filtered.bam.sam,/mnt/archiving/DATA_HIEUNHO/GW-bismark_cfDNA-highdepth_pair-end/06_methylation_extract/3-ZNB44W_M578-M778.deduplicated.bedGraph.gz.bismark.zero.cov,/mnt/archiving/DATA_HIEUNHO/methyl_haplotype_from_TM_pipeline_with_multi_bed/135_cfDNA_highdepth/ZNB44W.mHapMetrics.txt
ZNC01S,CRC,Tissue,ZNC01S,/mnt/archiving/DATA_HIEUNHO/GW-bismark_cfDNA-highdepth_pair-end/04_bismark_deduplicated_sorted/ZNC01S.deduplicated.sorted.bam,/mnt/archiving/DATA_HIEUNHO/preprocessing_pipeline_for_kmer_at_CpG_sites/cfDNA_highdepth/02_truncated_reads_at_CpG_sites_modify/ZNC01S.deduplicated.sorted.bam.filtered.bam.sam,/mnt/archiving/DATA_HIEUNHO/GW-bismark_cfDNA-highdepth_pair-end/06_methylation_extract/ZNC01S.deduplicated.bedGraph.gz.bismark.zero.cov,/mnt/archiving/DATA_HIEUNHO/methyl_haplotype_from_TM_pipeline_with_multi_bed/135_cfDNA_highdepth/ZNC01S.mHapMetrics.txt
ZNC03S,CRC,Tissue,ZNC03S,/mnt/archiving/DATA_HIEUNHO/GW-bismark_cfDNA-highdepth_pair-end/04_bismark_deduplicated_sorted/ZNC03S.deduplicated.sorted.bam,/mnt/archiving/DATA_HIEUNHO/preprocessing_pipeline_for_kmer_at_CpG_sites/cfDNA_highdepth/02_truncated_reads_at_CpG_sites_modify/ZNC03S.deduplicated.sorted.bam.filtered.bam.sam,/mnt/archiving/DATA_HIEUNHO/GW-bismark_cfDNA-highdepth_pair-end/06_methylation_extract/ZNC03S.deduplicated.bedGraph.gz.bismark.zero.cov,/mnt/archiving/DATA_HIEUNHO/methyl_haplotype_from_TM_pipeline_with_multi_bed/135_cfDNA_highdepth/ZNC03S.mHapMetrics.txt
ZNC04S,CRC,Tissue,ZNC04S,/mnt/archiving/DATA_HIEUNHO/GW-bismark_cfDNA-highdepth_pair-end/04_bismark_deduplicated_sorted/ZNC04S.deduplicated.sorted.bam,/mnt/archiving/DATA_HIEUNHO/preprocessing_pipeline_for_kmer_at_CpG_sites/cfDNA_highdepth/02_truncated_reads_at_CpG_sites_modify/ZNC04S.deduplicated.sorted.bam.filtered.bam.sam,/mnt/archiving/DATA_HIEUNHO/GW-bismark_cfDNA-highdepth_pair-end/06_methylation_extract/ZNC04S.deduplicated.bedGraph.gz.bismark.zero.cov,/mnt/archiving/DATA_HIEUNHO/methyl_haplotype_from_TM_pipeline_with_multi_bed/135_cfDNA_highdepth/ZNC04S.mHapMetrics.txt
ZNC05S,CRC,Tissue,ZNC05S,/mnt/archiving/DATA_HIEUNHO/GW-bismark_cfDNA-highdepth_pair-end/04_bismark_deduplicated_sorted/ZNC05S.deduplicated.sorted.bam,/mnt/archiving/DATA_HIEUNHO/preprocessing_pipeline_for_kmer_at_CpG_sites/cfDNA_highdepth/02_truncated_reads_at_CpG_sites_modify/ZNC05S.deduplicated.sorted.bam.filtered.bam.sam,/mnt/archiving/DATA_HIEUNHO/GW-bismark_cfDNA-highdepth_pair-end/06_methylation_extract/ZNC05S.deduplicated.bedGraph.gz.bismark.zero.cov,/mnt/archiving/DATA_HIEUNHO/methyl_haplotype_from_TM_pipeline_with_multi_bed/135_cfDNA_highdepth/ZNC05S.mHapMetrics.txt
ZNC06S,CRC,Tissue,ZNC06S,/mnt/archiving/DATA_HIEUNHO/GW-bismark_cfDNA-highdepth_pair-end/04_bismark_deduplicated_sorted/ZNC06S.deduplicated.sorted.bam,/mnt/archiving/DATA_HIEUNHO/preprocessing_pipeline_for_kmer_at_CpG_sites/cfDNA_highdepth/02_truncated_reads_at_CpG_sites_modify/ZNC06S.deduplicated.sorted.bam.filtered.bam.sam,/mnt/archiving/DATA_HIEUNHO/GW-bismark_cfDNA-highdepth_pair-end/06_methylation_extract/ZNC06S.deduplicated.bedGraph.gz.bismark.zero.cov,/mnt/archiving/DATA_HIEUNHO/methyl_haplotype_from_TM_pipeline_with_multi_bed/135_cfDNA_highdepth/ZNC06S.mHapMetrics.txt
ZNC19S,CRC,Tissue,ZNC19S,/mnt/archiving/DATA_HIEUNHO/GW-bismark_cfDNA-highdepth_pair-end/04_bismark_deduplicated_sorted/ZNC19S.deduplicated.sorted.bam,/mnt/archiving/DATA_HIEUNHO/preprocessing_pipeline_for_kmer_at_CpG_sites/cfDNA_highdepth/02_truncated_reads_at_CpG_sites_modify/ZNC19S.deduplicated.sorted.bam.filtered.bam.sam,/mnt/archiving/DATA_HIEUNHO/GW-bismark_cfDNA-highdepth_pair-end/06_methylation_extract/ZNC19S.deduplicated.bedGraph.gz.bismark.zero.cov,/mnt/archiving/DATA_HIEUNHO/methyl_haplotype_from_TM_pipeline_with_multi_bed/135_cfDNA_highdepth/ZNC19S.mHapMetrics.txt
ZNL07B,Lung,WBC,ZNL07B,/mnt/archiving/DATA_HIEUNHO/GW-bismark_cfDNA-highdepth_pair-end/04_bismark_deduplicated_sorted/ZNL07B.deduplicated.sorted.bam,/mnt/archiving/DATA_HIEUNHO/preprocessing_pipeline_for_kmer_at_CpG_sites/cfDNA_highdepth/02_truncated_reads_at_CpG_sites_modify/ZNL07B.deduplicated.sorted.bam.filtered.bam.sam,/mnt/archiving/DATA_HIEUNHO/GW-bismark_cfDNA-highdepth_pair-end/06_methylation_extract/ZNL07B.deduplicated.bedGraph.gz.bismark.zero.cov,/mnt/archiving/DATA_HIEUNHO/methyl_haplotype_from_TM_pipeline_with_multi_bed/135_cfDNA_highdepth/ZNL07B.mHapMetrics.txt
ZNL07S,Lung,Tissue,ZNL07S,/mnt/archiving/DATA_HIEUNHO/GW-bismark_cfDNA-highdepth_pair-end/04_bismark_deduplicated_sorted/ZNL07S.deduplicated.sorted.bam,/mnt/archiving/DATA_HIEUNHO/preprocessing_pipeline_for_kmer_at_CpG_sites/cfDNA_highdepth/02_truncated_reads_at_CpG_sites_modify/ZNL07S.deduplicated.sorted.bam.filtered.bam.sam,/mnt/archiving/DATA_HIEUNHO/GW-bismark_cfDNA-highdepth_pair-end/06_methylation_extract/ZNL07S.deduplicated.bedGraph.gz.bismark.zero.cov,/mnt/archiving/DATA_HIEUNHO/methyl_haplotype_from_TM_pipeline_with_multi_bed/135_cfDNA_highdepth/ZNL07S.mHapMetrics.txt
ZNL08B,Lung,WBC,ZNL08B,/mnt/archiving/DATA_HIEUNHO/GW-bismark_cfDNA-highdepth_pair-end/04_bismark_deduplicated_sorted/ZNL08B.deduplicated.sorted.bam,/mnt/archiving/DATA_HIEUNHO/preprocessing_pipeline_for_kmer_at_CpG_sites/cfDNA_highdepth/02_truncated_reads_at_CpG_sites_modify/ZNL08B.deduplicated.sorted.bam.filtered.bam.sam,/mnt/archiving/DATA_HIEUNHO/GW-bismark_cfDNA-highdepth_pair-end/06_methylation_extract/ZNL08B.deduplicated.bedGraph.gz.bismark.zero.cov,/mnt/archiving/DATA_HIEUNHO/methyl_haplotype_from_TM_pipeline_with_multi_bed/135_cfDNA_highdepth/ZNL08B.mHapMetrics.txt
ZNL08S,Lung,Tissue,ZNL08S,/mnt/archiving/DATA_HIEUNHO/GW-bismark_cfDNA-highdepth_pair-end/04_bismark_deduplicated_sorted/ZNL08S.deduplicated.sorted.bam,/mnt/archiving/DATA_HIEUNHO/preprocessing_pipeline_for_kmer_at_CpG_sites/cfDNA_highdepth/02_truncated_reads_at_CpG_sites_modify/ZNL08S.deduplicated.sorted.bam.filtered.bam.sam,/mnt/archiving/DATA_HIEUNHO/GW-bismark_cfDNA-highdepth_pair-end/06_methylation_extract/ZNL08S.deduplicated.bedGraph.gz.bismark.zero.cov,/mnt/archiving/DATA_HIEUNHO/methyl_haplotype_from_TM_pipeline_with_multi_bed/135_cfDNA_highdepth/ZNL08S.mHapMetrics.txt
ZNL09B,Lung,WBC,ZNL09B,/mnt/archiving/DATA_HIEUNHO/GW-bismark_cfDNA-highdepth_pair-end/04_bismark_deduplicated_sorted/ZNL09B.deduplicated.sorted.bam,/mnt/archiving/DATA_HIEUNHO/preprocessing_pipeline_for_kmer_at_CpG_sites/cfDNA_highdepth/02_truncated_reads_at_CpG_sites_modify/ZNL09B.deduplicated.sorted.bam.filtered.bam.sam,/mnt/archiving/DATA_HIEUNHO/GW-bismark_cfDNA-highdepth_pair-end/06_methylation_extract/ZNL09B.deduplicated.bedGraph.gz.bismark.zero.cov,/mnt/archiving/DATA_HIEUNHO/methyl_haplotype_from_TM_pipeline_with_multi_bed/135_cfDNA_highdepth/ZNL09B.mHapMetrics.txt
ZNL09R2,Lung,cfDNA,5-ZNL09R2ME131W_M510-M710,/mnt/archiving/DATA_HIEUNHO/GW-bismark_cfDNA-highdepth_pair-end/04_bismark_deduplicated_sorted/5-ZNL09R2ME131W_M510-M710.deduplicated.sorted.bam,/mnt/archiving/DATA_HIEUNHO/preprocessing_pipeline_for_kmer_at_CpG_sites/cfDNA_highdepth/02_truncated_reads_at_CpG_sites_modify/5-ZNL09R2ME131W_M510-M710.deduplicated.sorted.bam.filtered.bam.sam,/mnt/archiving/DATA_HIEUNHO/GW-bismark_cfDNA-highdepth_pair-end/06_methylation_extract/5-ZNL09R2ME131W_M510-M710.deduplicated.bedGraph.gz.bismark.zero.cov,/mnt/archiving/DATA_HIEUNHO/methyl_haplotype_from_TM_pipeline_with_multi_bed/135_cfDNA_highdepth/ZNL09R2.mHapMetrics.txt
ZNL09S,Lung,Tissue,13-ZNL09SME131W_M561-M761,/mnt/archiving/DATA_HIEUNHO/GW-bismark_cfDNA-highdepth_pair-end/04_bismark_deduplicated_sorted/13-ZNL09SME131W_M561-M761.deduplicated.sorted.bam,/mnt/archiving/DATA_HIEUNHO/preprocessing_pipeline_for_kmer_at_CpG_sites/cfDNA_highdepth/02_truncated_reads_at_CpG_sites_modify/13-ZNL09SME131W_M561-M761.deduplicated.sorted.bam.filtered.bam.sam,/mnt/archiving/DATA_HIEUNHO/GW-bismark_cfDNA-highdepth_pair-end/06_methylation_extract/13-ZNL09SME131W_M561-M761.deduplicated.bedGraph.gz.bismark.zero.cov,/mnt/archiving/DATA_HIEUNHO/methyl_haplotype_from_TM_pipeline_with_multi_bed/135_cfDNA_highdepth/ZNL09S.mHapMetrics.txt
ZNL10B,Lung,WBC,ZNL10B,/mnt/archiving/DATA_HIEUNHO/GW-bismark_cfDNA-highdepth_pair-end/04_bismark_deduplicated_sorted/ZNL10B.deduplicated.sorted.bam,/mnt/archiving/DATA_HIEUNHO/preprocessing_pipeline_for_kmer_at_CpG_sites/cfDNA_highdepth/02_truncated_reads_at_CpG_sites_modify/ZNL10B.deduplicated.sorted.bam.filtered.bam.sam,/mnt/archiving/DATA_HIEUNHO/GW-bismark_cfDNA-highdepth_pair-end/06_methylation_extract/ZNL10B.deduplicated.bedGraph.gz.bismark.zero.cov,/mnt/archiving/DATA_HIEUNHO/methyl_haplotype_from_TM_pipeline_with_multi_bed/135_cfDNA_highdepth/ZNL10B.mHapMetrics.txt
ZNL10R2W,Lung,cfDNA,2-ZNL10R2W_M581-M781,/mnt/archiving/DATA_HIEUNHO/GW-bismark_cfDNA-highdepth_pair-end/04_bismark_deduplicated_sorted/2-ZNL10R2W_M581-M781.deduplicated.sorted.bam,/mnt/archiving/DATA_HIEUNHO/preprocessing_pipeline_for_kmer_at_CpG_sites/cfDNA_highdepth/02_truncated_reads_at_CpG_sites_modify/2-ZNL10R2W_M581-M781.deduplicated.sorted.bam.filtered.bam.sam,/mnt/archiving/DATA_HIEUNHO/GW-bismark_cfDNA-highdepth_pair-end/06_methylation_extract/2-ZNL10R2W_M581-M781.deduplicated.bedGraph.gz.bismark.zero.cov,/mnt/archiving/DATA_HIEUNHO/methyl_haplotype_from_TM_pipeline_with_multi_bed/135_cfDNA_highdepth/ZNL10R2W.mHapMetrics.txt
ZNL10S,Lung,Tissue,14-ZNL10SME131W_M562-M762,/mnt/archiving/DATA_HIEUNHO/GW-bismark_cfDNA-highdepth_pair-end/04_bismark_deduplicated_sorted/14-ZNL10SME131W_M562-M762.deduplicated.sorted.bam,/mnt/archiving/DATA_HIEUNHO/preprocessing_pipeline_for_kmer_at_CpG_sites/cfDNA_highdepth/02_truncated_reads_at_CpG_sites_modify/14-ZNL10SME131W_M562-M762.deduplicated.sorted.bam.filtered.bam.sam,/mnt/archiving/DATA_HIEUNHO/GW-bismark_cfDNA-highdepth_pair-end/06_methylation_extract/14-ZNL10SME131W_M562-M762.deduplicated.bedGraph.gz.bismark.zero.cov,/mnt/archiving/DATA_HIEUNHO/methyl_haplotype_from_TM_pipeline_with_multi_bed/135_cfDNA_highdepth/ZNL10S.mHapMetrics.txt
ZNL11B,Lung,WBC,ZNL11B,/mnt/archiving/DATA_HIEUNHO/GW-bismark_cfDNA-highdepth_pair-end/04_bismark_deduplicated_sorted/ZNL11B.deduplicated.sorted.bam,/mnt/archiving/DATA_HIEUNHO/preprocessing_pipeline_for_kmer_at_CpG_sites/cfDNA_highdepth/02_truncated_reads_at_CpG_sites_modify/ZNL11B.deduplicated.sorted.bam.filtered.bam.sam,/mnt/archiving/DATA_HIEUNHO/GW-bismark_cfDNA-highdepth_pair-end/06_methylation_extract/ZNL11B.deduplicated.bedGraph.gz.bismark.zero.cov,/mnt/archiving/DATA_HIEUNHO/methyl_haplotype_from_TM_pipeline_with_multi_bed/135_cfDNA_highdepth/ZNL11B.mHapMetrics.txt
ZNL11S,Lung,Tissue,ZNL11S,/mnt/archiving/DATA_HIEUNHO/GW-bismark_cfDNA-highdepth_pair-end/04_bismark_deduplicated_sorted/ZNL11S.deduplicated.sorted.bam,/mnt/archiving/DATA_HIEUNHO/preprocessing_pipeline_for_kmer_at_CpG_sites/cfDNA_highdepth/02_truncated_reads_at_CpG_sites_modify/ZNL11S.deduplicated.sorted.bam.filtered.bam.sam,/mnt/archiving/DATA_HIEUNHO/GW-bismark_cfDNA-highdepth_pair-end/06_methylation_extract/ZNL11S.deduplicated.bedGraph.gz.bismark.zero.cov,/mnt/archiving/DATA_HIEUNHO/methyl_haplotype_from_TM_pipeline_with_multi_bed/135_cfDNA_highdepth/ZNL11S.mHapMetrics.txt
ZNL13B,Lung,WBC,ZNL13B,/mnt/archiving/DATA_HIEUNHO/GW-bismark_cfDNA-highdepth_pair-end/04_bismark_deduplicated_sorted/ZNL13B.deduplicated.sorted.bam,/mnt/archiving/DATA_HIEUNHO/preprocessing_pipeline_for_kmer_at_CpG_sites/cfDNA_highdepth/02_truncated_reads_at_CpG_sites_modify/ZNL13B.deduplicated.sorted.bam.filtered.bam.sam,/mnt/archiving/DATA_HIEUNHO/GW-bismark_cfDNA-highdepth_pair-end/06_methylation_extract/ZNL13B.deduplicated.bedGraph.gz.bismark.zero.cov,/mnt/archiving/DATA_HIEUNHO/methyl_haplotype_from_TM_pipeline_with_multi_bed/135_cfDNA_highdepth/ZNL13B.mHapMetrics.txt
ZNL13S,Lung,Tissue,ZNL13S,/mnt/archiving/DATA_HIEUNHO/GW-bismark_cfDNA-highdepth_pair-end/04_bismark_deduplicated_sorted/ZNL13S.deduplicated.sorted.bam,/mnt/archiving/DATA_HIEUNHO/preprocessing_pipeline_for_kmer_at_CpG_sites/cfDNA_highdepth/02_truncated_reads_at_CpG_sites_modify/ZNL13S.deduplicated.sorted.bam.filtered.bam.sam,/mnt/archiving/DATA_HIEUNHO/GW-bismark_cfDNA-highdepth_pair-end/06_methylation_extract/ZNL13S.deduplicated.bedGraph.gz.bismark.zero.cov,/mnt/archiving/DATA_HIEUNHO/methyl_haplotype_from_TM_pipeline_with_multi_bed/135_cfDNA_highdepth/ZNL13S.mHapMetrics.txt
ZNL14B,Lung,WBC,ZNL14B,/mnt/archiving/DATA_HIEUNHO/GW-bismark_cfDNA-highdepth_pair-end/04_bismark_deduplicated_sorted/ZNL14B.deduplicated.sorted.bam,/mnt/archiving/DATA_HIEUNHO/preprocessing_pipeline_for_kmer_at_CpG_sites/cfDNA_highdepth/02_truncated_reads_at_CpG_sites_modify/ZNL14B.deduplicated.sorted.bam.filtered.bam.sam,/mnt/archiving/DATA_HIEUNHO/GW-bismark_cfDNA-highdepth_pair-end/06_methylation_extract/ZNL14B.deduplicated.bedGraph.gz.bismark.zero.cov,/mnt/archiving/DATA_HIEUNHO/methyl_haplotype_from_TM_pipeline_with_multi_bed/135_cfDNA_highdepth/ZNL14B.mHapMetrics.txt
ZNL14S,Lung,Tissue,ZNL14S,/mnt/archiving/DATA_HIEUNHO/GW-bismark_cfDNA-highdepth_pair-end/04_bismark_deduplicated_sorted/ZNL14S.deduplicated.sorted.bam,/mnt/archiving/DATA_HIEUNHO/preprocessing_pipeline_for_kmer_at_CpG_sites/cfDNA_highdepth/02_truncated_reads_at_CpG_sites_modify/ZNL14S.deduplicated.sorted.bam.filtered.bam.sam,/mnt/archiving/DATA_HIEUNHO/GW-bismark_cfDNA-highdepth_pair-end/06_methylation_extract/ZNL14S.deduplicated.bedGraph.gz.bismark.zero.cov,/mnt/archiving/DATA_HIEUNHO/methyl_haplotype_from_TM_pipeline_with_multi_bed/135_cfDNA_highdepth/ZNL14S.mHapMetrics.txt
ZNL15B,Lung,WBC,ZNL15B,/mnt/archiving/DATA_HIEUNHO/GW-bismark_cfDNA-highdepth_pair-end/04_bismark_deduplicated_sorted/ZNL15B.deduplicated.sorted.bam,/mnt/archiving/DATA_HIEUNHO/preprocessing_pipeline_for_kmer_at_CpG_sites/cfDNA_highdepth/02_truncated_reads_at_CpG_sites_modify/ZNL15B.deduplicated.sorted.bam.filtered.bam.sam,/mnt/archiving/DATA_HIEUNHO/GW-bismark_cfDNA-highdepth_pair-end/06_methylation_extract/ZNL15B.deduplicated.bedGraph.gz.bismark.zero.cov,/mnt/archiving/DATA_HIEUNHO/methyl_haplotype_from_TM_pipeline_with_multi_bed/135_cfDNA_highdepth/ZNL15B.mHapMetrics.txt
ZNL15S,Lung,Tissue,ZNL15S,/mnt/archiving/DATA_HIEUNHO/GW-bismark_cfDNA-highdepth_pair-end/04_bismark_deduplicated_sorted/ZNL15S.deduplicated.sorted.bam,/mnt/archiving/DATA_HIEUNHO/preprocessing_pipeline_for_kmer_at_CpG_sites/cfDNA_highdepth/02_truncated_reads_at_CpG_sites_modify/ZNL15S.deduplicated.sorted.bam.filtered.bam.sam,/mnt/archiving/DATA_HIEUNHO/GW-bismark_cfDNA-highdepth_pair-end/06_methylation_extract/ZNL15S.deduplicated.bedGraph.gz.bismark.zero.cov,/mnt/archiving/DATA_HIEUNHO/methyl_haplotype_from_TM_pipeline_with_multi_bed/135_cfDNA_highdepth/ZNL15S.mHapMetrics.txt
ZNL17B,Lung,WBC,ZNL17B,/mnt/archiving/DATA_HIEUNHO/GW-bismark_cfDNA-highdepth_pair-end/04_bismark_deduplicated_sorted/ZNL17B.deduplicated.sorted.bam,/mnt/archiving/DATA_HIEUNHO/preprocessing_pipeline_for_kmer_at_CpG_sites/cfDNA_highdepth/02_truncated_reads_at_CpG_sites_modify/ZNL17B.deduplicated.sorted.bam.filtered.bam.sam,/mnt/archiving/DATA_HIEUNHO/GW-bismark_cfDNA-highdepth_pair-end/06_methylation_extract/ZNL17B.deduplicated.bedGraph.gz.bismark.zero.cov,/mnt/archiving/DATA_HIEUNHO/methyl_haplotype_from_TM_pipeline_with_multi_bed/135_cfDNA_highdepth/ZNL17B.mHapMetrics.txt
ZNL17S,Lung,Tissue,2-ZNL17SME131W_M502-M702,/mnt/archiving/DATA_HIEUNHO/GW-bismark_cfDNA-highdepth_pair-end/04_bismark_deduplicated_sorted/2-ZNL17SME131W_M502-M702.deduplicated.sorted.bam,/mnt/archiving/DATA_HIEUNHO/preprocessing_pipeline_for_kmer_at_CpG_sites/cfDNA_highdepth/02_truncated_reads_at_CpG_sites_modify/2-ZNL17SME131W_M502-M702.deduplicated.sorted.bam.filtered.bam.sam,/mnt/archiving/DATA_HIEUNHO/GW-bismark_cfDNA-highdepth_pair-end/06_methylation_extract/2-ZNL17SME131W_M502-M702.deduplicated.bedGraph.gz.bismark.zero.cov,/mnt/archiving/DATA_HIEUNHO/methyl_haplotype_from_TM_pipeline_with_multi_bed/135_cfDNA_highdepth/ZNL17S.mHapMetrics.txt
ZNL18,Lung,cfDNA,35-ZNL18ME131W_S7523-S7723,/mnt/archiving/DATA_HIEUNHO/GW-bismark_cfDNA-highdepth_pair-end/04_bismark_deduplicated_sorted/35-ZNL18ME131W_S7523-S7723.deduplicated.sorted.bam,/mnt/archiving/DATA_HIEUNHO/preprocessing_pipeline_for_kmer_at_CpG_sites/cfDNA_highdepth/02_truncated_reads_at_CpG_sites_modify/35-ZNL18ME131W_S7523-S7723.deduplicated.sorted.bam.filtered.bam.sam,/mnt/archiving/DATA_HIEUNHO/GW-bismark_cfDNA-highdepth_pair-end/06_methylation_extract/35-ZNL18ME131W_S7523-S7723.deduplicated.bedGraph.gz.bismark.zero.cov,/mnt/archiving/DATA_HIEUNHO/methyl_haplotype_from_TM_pipeline_with_multi_bed/135_cfDNA_highdepth/ZNL18.mHapMetrics.txt
K0057POOL,Control,cfDNA,K0057POOL,/mnt/archiving/DATA_HIEUNHO/GW-bismark_cfDNA-highdepth_pair-end/04_bismark_deduplicated_sorted/K0057POOL.deduplicated.sorted.bam,/mnt/archiving/DATA_HIEUNHO/preprocessing_pipeline_for_kmer_at_CpG_sites/cfDNA_highdepth/02_truncated_reads_at_CpG_sites_modify/K0057POOL.deduplicated.sorted.bam.filtered.bam.sam,/mnt/archiving/DATA_HIEUNHO/GW-bismark_cfDNA-highdepth_pair-end/06_methylation_extract/K0057POOL.deduplicated.bedGraph.gz.bismark.zero.cov,/mnt/archiving/DATA_HIEUNHO/methyl_haplotype_from_TM_pipeline_with_multi_bed/135_cfDNA_highdepth/K0057POOL.mHapMetrics.txt
K0684POOL,Control,cfDNA,K0684POOL,/mnt/archiving/DATA_HIEUNHO/GW-bismark_cfDNA-highdepth_pair-end/04_bismark_deduplicated_sorted/K0684POOL.deduplicated.sorted.bam,/mnt/archiving/DATA_HIEUNHO/preprocessing_pipeline_for_kmer_at_CpG_sites/cfDNA_highdepth/02_truncated_reads_at_CpG_sites_modify/K0684POOL.deduplicated.sorted.bam.filtered.bam.sam,/mnt/archiving/DATA_HIEUNHO/GW-bismark_cfDNA-highdepth_pair-end/06_methylation_extract/K0684POOL.deduplicated.bedGraph.gz.bismark.zero.cov,/mnt/archiving/DATA_HIEUNHO/methyl_haplotype_from_TM_pipeline_with_multi_bed/135_cfDNA_highdepth/K0684POOL.mHapMetrics.txt
K0706POOL,Control,cfDNA,K0706POOL,/mnt/archiving/DATA_HIEUNHO/GW-bismark_cfDNA-highdepth_pair-end/04_bismark_deduplicated_sorted/K0706POOL.deduplicated.sorted.bam,/mnt/archiving/DATA_HIEUNHO/preprocessing_pipeline_for_kmer_at_CpG_sites/cfDNA_highdepth/02_truncated_reads_at_CpG_sites_modify/K0706POOL.deduplicated.sorted.bam.filtered.bam.sam,/mnt/archiving/DATA_HIEUNHO/GW-bismark_cfDNA-highdepth_pair-end/06_methylation_extract/K0706POOL.deduplicated.bedGraph.gz.bismark.zero.cov,/mnt/archiving/DATA_HIEUNHO/methyl_haplotype_from_TM_pipeline_with_multi_bed/135_cfDNA_highdepth/K0706POOL.mHapMetrics.txt
K0837POOL,Control,cfDNA,K0837POOL,/mnt/archiving/DATA_HIEUNHO/GW-bismark_cfDNA-highdepth_pair-end/04_bismark_deduplicated_sorted/K0837POOL.deduplicated.sorted.bam,/mnt/archiving/DATA_HIEUNHO/preprocessing_pipeline_for_kmer_at_CpG_sites/cfDNA_highdepth/02_truncated_reads_at_CpG_sites_modify/K0837POOL.deduplicated.sorted.bam.filtered.bam.sam,/mnt/archiving/DATA_HIEUNHO/GW-bismark_cfDNA-highdepth_pair-end/06_methylation_extract/K0837POOL.deduplicated.bedGraph.gz.bismark.zero.cov,/mnt/archiving/DATA_HIEUNHO/methyl_haplotype_from_TM_pipeline_with_multi_bed/135_cfDNA_highdepth/K0837POOL.mHapMetrics.txt
K0946POOL,Control,cfDNA,K0946POOL,/mnt/archiving/DATA_HIEUNHO/GW-bismark_cfDNA-highdepth_pair-end/04_bismark_deduplicated_sorted/K0946POOL.deduplicated.sorted.bam,/mnt/archiving/DATA_HIEUNHO/preprocessing_pipeline_for_kmer_at_CpG_sites/cfDNA_highdepth/02_truncated_reads_at_CpG_sites_modify/K0946POOL.deduplicated.sorted.bam.filtered.bam.sam,/mnt/archiving/DATA_HIEUNHO/GW-bismark_cfDNA-highdepth_pair-end/06_methylation_extract/K0946POOL.deduplicated.bedGraph.gz.bismark.zero.cov,/mnt/archiving/DATA_HIEUNHO/methyl_haplotype_from_TM_pipeline_with_multi_bed/135_cfDNA_highdepth/K0946POOL.mHapMetrics.txt
LBG27POOL,Gastric,cfDNA,LBG27POOL,/mnt/archiving/DATA_HIEUNHO/GW-bismark_cfDNA-highdepth_pair-end/04_bismark_deduplicated_sorted/LBG27POOL.deduplicated.sorted.bam,/mnt/archiving/DATA_HIEUNHO/preprocessing_pipeline_for_kmer_at_CpG_sites/cfDNA_highdepth/02_truncated_reads_at_CpG_sites_modify/LBG27POOL.deduplicated.sorted.bam.filtered.bam.sam,/mnt/archiving/DATA_HIEUNHO/GW-bismark_cfDNA-highdepth_pair-end/06_methylation_extract/LBG27POOL.deduplicated.bedGraph.gz.bismark.zero.cov,/mnt/archiving/DATA_HIEUNHO/methyl_haplotype_from_TM_pipeline_with_multi_bed/135_cfDNA_highdepth/LBG27POOL.mHapMetrics.txt
LBG37POOL,Gastric,cfDNA,LBG37POOL,/mnt/archiving/DATA_HIEUNHO/GW-bismark_cfDNA-highdepth_pair-end/04_bismark_deduplicated_sorted/LBG37POOL.deduplicated.sorted.bam,/mnt/archiving/DATA_HIEUNHO/preprocessing_pipeline_for_kmer_at_CpG_sites/cfDNA_highdepth/02_truncated_reads_at_CpG_sites_modify/LBG37POOL.deduplicated.sorted.bam.filtered.bam.sam,/mnt/archiving/DATA_HIEUNHO/GW-bismark_cfDNA-highdepth_pair-end/06_methylation_extract/LBG37POOL.deduplicated.bedGraph.gz.bismark.zero.cov,/mnt/archiving/DATA_HIEUNHO/methyl_haplotype_from_TM_pipeline_with_multi_bed/135_cfDNA_highdepth/LBG37POOL.mHapMetrics.txt
LBG38POOL,Gastric,cfDNA,LBG38POOL,/mnt/archiving/DATA_HIEUNHO/GW-bismark_cfDNA-highdepth_pair-end/04_bismark_deduplicated_sorted/LBG38POOL.deduplicated.sorted.bam,/mnt/archiving/DATA_HIEUNHO/preprocessing_pipeline_for_kmer_at_CpG_sites/cfDNA_highdepth/02_truncated_reads_at_CpG_sites_modify/LBG38POOL.deduplicated.sorted.bam.filtered.bam.sam,/mnt/archiving/DATA_HIEUNHO/GW-bismark_cfDNA-highdepth_pair-end/06_methylation_extract/LBG38POOL.deduplicated.bedGraph.gz.bismark.zero.cov,/mnt/archiving/DATA_HIEUNHO/methyl_haplotype_from_TM_pipeline_with_multi_bed/135_cfDNA_highdepth/LBG38POOL.mHapMetrics.txt
YCAA45POOL,Liver,cfDNA,YCAA45POOL,/mnt/archiving/DATA_HIEUNHO/GW-bismark_cfDNA-highdepth_pair-end/04_bismark_deduplicated_sorted/YCAA45POOL.deduplicated.sorted.bam,/mnt/archiving/DATA_HIEUNHO/preprocessing_pipeline_for_kmer_at_CpG_sites/cfDNA_highdepth/02_truncated_reads_at_CpG_sites_modify/YCAA45POOL.deduplicated.sorted.bam.filtered.bam.sam,/mnt/archiving/DATA_HIEUNHO/GW-bismark_cfDNA-highdepth_pair-end/06_methylation_extract/YCAA45POOL.deduplicated.bedGraph.gz.bismark.zero.cov,/mnt/archiving/DATA_HIEUNHO/methyl_haplotype_from_TM_pipeline_with_multi_bed/135_cfDNA_highdepth/YCAA45POOL.mHapMetrics.txt
YCAA92POOL,CRC,cfDNA,YCAA92POOL,/mnt/archiving/DATA_HIEUNHO/GW-bismark_cfDNA-highdepth_pair-end/04_bismark_deduplicated_sorted/YCAA92POOL.deduplicated.sorted.bam,/mnt/archiving/DATA_HIEUNHO/preprocessing_pipeline_for_kmer_at_CpG_sites/cfDNA_highdepth/02_truncated_reads_at_CpG_sites_modify/YCAA92POOL.deduplicated.sorted.bam.filtered.bam.sam,/mnt/archiving/DATA_HIEUNHO/GW-bismark_cfDNA-highdepth_pair-end/06_methylation_extract/YCAA92POOL.deduplicated.bedGraph.gz.bismark.zero.cov,/mnt/archiving/DATA_HIEUNHO/methyl_haplotype_from_TM_pipeline_with_multi_bed/135_cfDNA_highdepth/YCAA92POOL.mHapMetrics.txt
MYGAAA01POOL,CRC,cfDNA,MYGAAA01POOL,/mnt/archiving/DATA_HIEUNHO/GW-bismark_cfDNA-highdepth_pair-end/04_bismark_deduplicated_sorted/MYGAAA01POOL.deduplicated.sorted.bam,/mnt/archiving/DATA_HIEUNHO/preprocessing_pipeline_for_kmer_at_CpG_sites/cfDNA_highdepth/02_truncated_reads_at_CpG_sites_modify/MYGAAA01POOL.deduplicated.sorted.bam.filtered.bam.sam,/mnt/archiving/DATA_HIEUNHO/GW-bismark_cfDNA-highdepth_pair-end/06_methylation_extract/MYGAAA01POOL.deduplicated.bedGraph.gz.bismark.zero.cov,/mnt/archiving/DATA_HIEUNHO/methyl_haplotype_from_TM_pipeline_with_multi_bed/135_cfDNA_highdepth/MYGAAA01POOL.mHapMetrics.txt
MYGAAA03POOL,CRC,cfDNA,MYGAAA03POOL,/mnt/archiving/DATA_HIEUNHO/GW-bismark_cfDNA-highdepth_pair-end/04_bismark_deduplicated_sorted/MYGAAA03POOL.deduplicated.sorted.bam,/mnt/archiving/DATA_HIEUNHO/preprocessing_pipeline_for_kmer_at_CpG_sites/cfDNA_highdepth/02_truncated_reads_at_CpG_sites_modify/MYGAAA03POOL.deduplicated.sorted.bam.filtered.bam.sam,/mnt/archiving/DATA_HIEUNHO/GW-bismark_cfDNA-highdepth_pair-end/06_methylation_extract/MYGAAA03POOL.deduplicated.bedGraph.gz.bismark.zero.cov,/mnt/archiving/DATA_HIEUNHO/methyl_haplotype_from_TM_pipeline_with_multi_bed/135_cfDNA_highdepth/MYGAAA03POOL.mHapMetrics.txt
ZNC01POOL,CRC,cfDNA,ZNC01POOL,/mnt/archiving/DATA_HIEUNHO/GW-bismark_cfDNA-highdepth_pair-end/04_bismark_deduplicated_sorted/ZNC01POOL.deduplicated.sorted.bam,/mnt/archiving/DATA_HIEUNHO/preprocessing_pipeline_for_kmer_at_CpG_sites/cfDNA_highdepth/02_truncated_reads_at_CpG_sites_modify/ZNC01POOL.deduplicated.sorted.bam.filtered.bam.sam,/mnt/archiving/DATA_HIEUNHO/GW-bismark_cfDNA-highdepth_pair-end/06_methylation_extract/ZNC01POOL.deduplicated.bedGraph.gz.bismark.zero.cov,/mnt/archiving/DATA_HIEUNHO/methyl_haplotype_from_TM_pipeline_with_multi_bed/135_cfDNA_highdepth/ZNC01POOL.mHapMetrics.txt
LC107POOL,CRC,cfDNA,LC107POOL,/mnt/archiving/DATA_HIEUNHO/GW-bismark_cfDNA-highdepth_pair-end/04_bismark_deduplicated_sorted/LC107POOL.deduplicated.sorted.bam,/mnt/archiving/DATA_HIEUNHO/preprocessing_pipeline_for_kmer_at_CpG_sites/cfDNA_highdepth/02_truncated_reads_at_CpG_sites_modify/LC107POOL.deduplicated.sorted.bam.filtered.bam.sam,/mnt/archiving/DATA_HIEUNHO/GW-bismark_cfDNA-highdepth_pair-end/06_methylation_extract/LC107POOL.deduplicated.bedGraph.gz.bismark.zero.cov,/mnt/archiving/DATA_HIEUNHO/methyl_haplotype_from_TM_pipeline_with_multi_bed/135_cfDNA_highdepth/LC107POOL.mHapMetrics.txt
